timestamp,symbol,price,buy_short_ma,buy_long_ma,sell_short_ma,sell_long_ma
timestamp,symbol,price,buy_short_ma,buy_long_ma,sell_short_ma,sell_long_ma
timestamp,symbol,price,buy_short_ma,buy_long_ma,sell_short_ma,sell_long_ma
2025-03-27 04:10:00,ETH/USDT,2026.990000,2027.965000,2030.223333,2031.216400,2025.849550
2025-03-27 04:10:00,ENA/USDT,0.429500,0.430760,0.431580,0.431594,0.427483
2025-03-27 04:10:00,BLAST/USDT,0.003790,0.003779,0.003790,0.003793,0.003795
2025-03-27 04:10:00,EIGEN/USDT,1.199000,1.200900,1.200800,1.201960,1.192580
2025-03-27 04:10:00,MNT/USDT,0.845800,0.845550,0.846330,0.846762,0.846944
2025-03-27 04:11:00,ETH/USDT,2026.790000,2027.642000,2030.034333,2031.180400,2025.897600
2025-03-27 04:11:00,ENA/USDT,0.429300,0.430460,0.431517,0.431516,0.427526
2025-03-27 04:11:00,BLAST/USDT,0.003790,0.003779,0.003790,0.003793,0.003796
2025-03-27 04:11:00,EIGEN/USDT,1.199000,1.200400,1.200733,1.201940,1.192710
2025-03-27 04:11:00,MNT/USDT,0.845700,0.845580,0.846270,0.846742,0.846939
timestamp,symbol,price,buy_short_ma,buy_long_ma,sell_short_ma,sell_long_ma
2025-03-27 04:15:00,ETH/USDT,2029.490000,2027.230000,2029.547333,2031.034200,2026.146850
2025-03-27 04:15:00,ENA/USDT,0.430200,0.429370,0.431280,0.431284,0.427715
2025-03-27 04:15:00,BLAST/USDT,0.003800,0.003788,0.003791,0.003794,0.003796
2025-03-27 04:15:00,EIGEN/USDT,1.200000,1.199000,1.200533,1.201800,1.193230
2025-03-27 04:15:00,MNT/USDT,0.846300,0.845670,0.846123,0.846666,0.846930
2025-03-27 04:15:00,ETH/USDT,2029.690000,2027.250000,2029.554000,2031.038200,2026.147850
2025-03-27 04:15:00,ENA/USDT,0.430200,0.429370,0.431280,0.431284,0.427715
2025-03-27 04:15:00,BLAST/USDT,0.003804,0.003788,0.003791,0.003794,0.003796
2025-03-27 04:15:00,EIGEN/USDT,1.201000,1.199100,1.200567,1.201820,1.193235
2025-03-27 04:15:00,MNT/USDT,0.846600,0.845700,0.846133,0.846672,0.846931
2025-03-27 04:15:00,ETH/USDT,2030.130000,2027.294000,2029.568667,2031.047000,2026.150050
2025-03-27 04:15:00,ENA/USDT,0.430400,0.429390,0.431287,0.431288,0.427716
2025-03-27 04:16:00,BLAST/USDT,0.003808,0.003791,0.003791,0.003794,0.003796
2025-03-27 04:16:00,EIGEN/USDT,1.201000,1.199000,1.200633,1.201820,1.193375
2025-03-27 04:16:00,MNT/USDT,0.846600,0.845800,0.846127,0.846656,0.846931
2025-03-27 04:16:00,ETH/USDT,2030.310000,2027.537000,2029.504333,2031.068600,2026.225400
2025-03-27 04:16:00,ENA/USDT,0.430800,0.429440,0.431270,0.431298,0.427771
2025-03-27 04:16:00,BLAST/USDT,0.003812,0.003792,0.003791,0.003795,0.003796
2025-03-27 04:16:00,EIGEN/USDT,1.201000,1.199000,1.200633,1.201820,1.193375
2025-03-27 04:16:00,MNT/USDT,0.846200,0.845760,0.846113,0.846648,0.846929
2025-03-27 04:16:00,ETH/USDT,2029.790000,2027.485000,2029.487000,2031.058200,2026.222800
2025-03-27 04:16:00,ENA/USDT,0.430300,0.429390,0.431253,0.431288,0.427769
2025-03-27 04:16:00,BLAST/USDT,0.003808,0.003791,0.003791,0.003794,0.003796
2025-03-27 04:16:00,EIGEN/USDT,1.201000,1.199000,1.200633,1.201820,1.193375
2025-03-27 04:16:00,MNT/USDT,0.846300,0.845770,0.846117,0.846650,0.846929
timestamp,symbol,price,buy_short_ma,buy_long_ma,sell_short_ma,sell_long_ma
2025-03-27 04:17:00,ETH/USDT,2028.250000,2027.563000,2029.295667,2031.005200,2026.277650
2025-03-27 04:17:00,ENA/USDT,0.429700,0.429370,0.431163,0.431240,0.427815
2025-03-27 04:17:00,BLAST/USDT,0.003797,0.003793,0.003791,0.003794,0.003796
2025-03-27 04:17:00,EIGEN/USDT,1.201000,1.199100,1.200633,1.201820,1.193515
2025-03-27 04:17:00,MNT/USDT,0.846000,0.845820,0.846080,0.846610,0.846925
2025-03-27 04:17:00,ETH/USDT,2028.020000,2027.540000,2029.288000,2031.000600,2026.276500
2025-03-27 04:17:00,ENA/USDT,0.429500,0.429350,0.431157,0.431236,0.427814
2025-03-27 04:17:00,BLAST/USDT,0.003796,0.003793,0.003791,0.003794,0.003796
2025-03-27 04:17:00,EIGEN/USDT,1.201000,1.199100,1.200633,1.201820,1.193515
2025-03-27 04:17:00,MNT/USDT,0.846000,0.845820,0.846080,0.846610,0.846925
2025-03-27 04:17:00,ETH/USDT,2027.950000,2027.533000,2029.285667,2030.999200,2026.276150
2025-03-27 04:17:00,ENA/USDT,0.429900,0.429390,0.431170,0.431244,0.427816
2025-03-27 04:17:00,BLAST/USDT,0.003796,0.003793,0.003791,0.003794,0.003796
2025-03-27 04:17:00,EIGEN/USDT,1.201000,1.199100,1.200633,1.201820,1.193515
2025-03-27 04:17:00,MNT/USDT,0.846100,0.845830,0.846083,0.846612,0.846926
2025-03-27 04:17:00,ETH/USDT,2027.230000,2027.461000,2029.261667,2030.984800,2026.272550
2025-03-27 04:17:00,ENA/USDT,0.429800,0.429380,0.431167,0.431242,0.427815
2025-03-27 04:17:00,BLAST/USDT,0.003792,0.003793,0.003791,0.003794,0.003796
2025-03-27 04:17:00,EIGEN/USDT,1.201000,1.199100,1.200633,1.201820,1.193515
2025-03-27 04:17:00,MNT/USDT,0.846100,0.845830,0.846083,0.846612,0.846926
2025-03-27 04:17:00,ETH/USDT,2027.330000,2027.471000,2029.265000,2030.986800,2026.273050
2025-03-27 04:17:00,ENA/USDT,0.429800,0.429380,0.431167,0.431242,0.427815
2025-03-27 04:17:00,BLAST/USDT,0.003792,0.003793,0.003791,0.003794,0.003796
2025-03-27 04:17:00,EIGEN/USDT,1.201000,1.199100,1.200633,1.201820,1.193515
2025-03-27 04:17:00,MNT/USDT,0.846000,0.845820,0.846080,0.846610,0.846925
2025-03-27 04:17:00,ETH/USDT,2027.430000,2027.481000,2029.268333,2030.988800,2026.273550
2025-03-27 04:17:00,ENA/USDT,0.429900,0.429390,0.431170,0.431244,0.427816
2025-03-27 04:17:00,BLAST/USDT,0.003792,0.003793,0.003791,0.003794,0.003796
2025-03-27 04:17:00,EIGEN/USDT,1.201000,1.199100,1.200633,1.201820,1.193515
2025-03-27 04:18:00,MNT/USDT,0.846100,0.845900,0.846057,0.846578,0.846924
2025-03-27 04:18:00,ETH/USDT,2027.220000,2027.695000,2029.108000,2030.926400,2026.325000
2025-03-27 04:18:00,ENA/USDT,0.429900,0.429470,0.431127,0.431214,0.427863
2025-03-27 04:18:00,BLAST/USDT,0.003793,0.003795,0.003791,0.003794,0.003796
2025-03-27 04:18:00,EIGEN/USDT,1.201000,1.199500,1.200633,1.201780,1.193640
2025-03-27 04:18:00,MNT/USDT,0.846000,0.845890,0.846053,0.846576,0.846923
2025-03-27 04:18:00,ETH/USDT,2027.330000,2027.706000,2029.111667,2030.928600,2026.325550
2025-03-27 04:18:00,ENA/USDT,0.429900,0.429470,0.431127,0.431214,0.427863
2025-03-27 04:18:00,BLAST/USDT,0.003793,0.003795,0.003791,0.003794,0.003796
2025-03-27 04:18:00,EIGEN/USDT,1.201000,1.199500,1.200633,1.201780,1.193640
2025-03-27 04:18:00,MNT/USDT,0.846000,0.845890,0.846053,0.846576,0.846923
timestamp,symbol,price,buy_short_ma,buy_long_ma,sell_short_ma,sell_long_ma
2025-03-27 04:35:00,ETH/USDT,2030.480000,2030.405000,2028.688667,2029.495600,2026.947550
2025-03-27 04:35:00,ENA/USDT,0.429600,0.429800,0.429527,0.430610,0.428470
2025-03-27 04:35:00,BLAST/USDT,0.003803,0.003800,0.003793,0.003793,0.003798
2025-03-27 04:35:00,EIGEN/USDT,1.201000,1.201700,1.200867,1.201040,1.195230
2025-03-27 04:35:00,MNT/USDT,0.846300,0.845990,0.845853,0.846052,0.846884
2025-03-27 04:35:00,ETH/USDT,2030.760000,2030.433000,2028.698000,2029.501200,2026.948950
2025-03-27 04:35:00,ENA/USDT,0.429400,0.429780,0.429520,0.430606,0.428469
2025-03-27 04:35:00,BLAST/USDT,0.003804,0.003800,0.003793,0.003793,0.003798
2025-03-27 04:35:00,EIGEN/USDT,1.201000,1.201700,1.200867,1.201040,1.195230
2025-03-27 04:35:00,MNT/USDT,0.846400,0.846000,0.845857,0.846054,0.846885
2025-03-27 04:35:00,ETH/USDT,2030.800000,2030.437000,2028.699333,2029.502000,2026.949150
2025-03-27 04:35:00,ENA/USDT,0.429400,0.429780,0.429520,0.430606,0.428469
2025-03-27 04:35:00,BLAST/USDT,0.003804,0.003800,0.003793,0.003793,0.003798
2025-03-27 04:35:00,EIGEN/USDT,1.201000,1.201700,1.200867,1.201040,1.195230
2025-03-27 04:35:00,MNT/USDT,0.846300,0.845990,0.845853,0.846052,0.846884
2025-03-27 04:35:00,ETH/USDT,2030.790000,2030.436000,2028.699000,2029.501800,2026.949100
2025-03-27 04:35:00,ENA/USDT,0.429100,0.429750,0.429510,0.430600,0.428468
2025-03-27 04:35:00,BLAST/USDT,0.003804,0.003800,0.003793,0.003793,0.003798
2025-03-27 04:35:00,EIGEN/USDT,1.201000,1.201700,1.200867,1.201040,1.195230
2025-03-27 04:35:00,MNT/USDT,0.846400,0.846000,0.845857,0.846054,0.846885
2025-03-27 04:35:00,ETH/USDT,2030.950000,2030.452000,2028.704333,2029.505000,2026.949900
2025-03-27 04:35:00,ENA/USDT,0.429100,0.429750,0.429510,0.430600,0.428468
2025-03-27 04:35:00,BLAST/USDT,0.003804,0.003800,0.003793,0.003793,0.003798
2025-03-27 04:35:00,EIGEN/USDT,1.201000,1.201700,1.200867,1.201040,1.195230
2025-03-27 04:35:00,MNT/USDT,0.846300,0.845990,0.845853,0.846052,0.846884
2025-03-27 04:35:00,ETH/USDT,2030.980000,2030.455000,2028.705333,2029.505600,2026.950050
2025-03-27 04:35:00,ENA/USDT,0.428900,0.429730,0.429503,0.430596,0.428466
2025-03-27 04:35:00,BLAST/USDT,0.003804,0.003800,0.003793,0.003793,0.003798
2025-03-27 04:35:00,EIGEN/USDT,1.201000,1.201700,1.200867,1.201040,1.195230
2025-03-27 04:35:00,MNT/USDT,0.846400,0.846000,0.845857,0.846054,0.846885
2025-03-27 04:35:00,ETH/USDT,2031.160000,2030.473000,2028.711333,2029.509200,2026.950950
2025-03-27 04:35:00,ENA/USDT,0.428900,0.429730,0.429503,0.430596,0.428466
2025-03-27 04:35:00,BLAST/USDT,0.003804,0.003800,0.003793,0.003793,0.003798
2025-03-27 04:35:00,EIGEN/USDT,1.201000,1.201700,1.200867,1.201040,1.195230
2025-03-27 04:35:00,MNT/USDT,0.846300,0.845990,0.845853,0.846052,0.846884
2025-03-27 04:35:00,ETH/USDT,2031.160000,2030.473000,2028.711333,2029.509200,2026.950950
2025-03-27 04:35:00,ENA/USDT,0.428900,0.429730,0.429503,0.430596,0.428466
2025-03-27 04:35:00,BLAST/USDT,0.003804,0.003800,0.003793,0.003793,0.003798
2025-03-27 04:35:00,EIGEN/USDT,1.201000,1.201700,1.200867,1.201040,1.195230
2025-03-27 04:36:00,MNT/USDT,0.846300,0.846040,0.845877,0.846042,0.846886
2025-03-27 04:36:00,ETH/USDT,2030.570000,2030.412000,2028.793667,2029.471400,2026.995250
2025-03-27 04:36:00,ENA/USDT,0.428600,0.429540,0.429443,0.430540,0.428489
2025-03-27 04:36:00,BLAST/USDT,0.003804,0.003800,0.003794,0.003793,0.003798
2025-03-27 04:36:00,EIGEN/USDT,1.201000,1.201500,1.200833,1.201080,1.195305
2025-03-27 04:36:00,MNT/USDT,0.846300,0.846040,0.845877,0.846042,0.846886
timestamp,symbol,price,buy_short_ma,buy_long_ma,sell_short_ma,sell_long_ma
2025-03-27 04:57:00,ETH/USDT,2030.110000,2030.190000,2029.820000,2029.184200,2027.910050
2025-03-27 04:58:00,ETH/USDT,2030.110000,2030.384000,2029.840333,2029.285200,2027.970650
2025-03-27 04:59:00,ETH/USDT,2031.260000,2030.552000,2029.890333,2029.382600,2028.034800
2025-03-27 05:00:00,ETH/USDT,2030.090000,2030.563000,2029.854000,2029.443400,2028.083950
2025-03-27 05:01:00,ETH/USDT,2030.010000,2030.480000,2029.842333,2029.516800,2028.132500
2025-03-27 05:02:00,ETH/USDT,2029.910000,2030.487000,2029.850667,2029.583800,2028.185750
2025-03-27 05:03:00,ETH/USDT,2029.250000,2030.407000,2029.846667,2029.616400,2028.230900
2025-03-27 05:05:00,ETH/USDT,2028.170000,2029.906000,2029.680333,2029.571800,2028.300900
2025-03-27 05:06:00,ETH/USDT,2028.800000,2029.764000,2029.626667,2029.587200,2028.354650
2025-03-27 05:07:00,ETH/USDT,2028.710000,2029.602000,2029.623667,2029.608800,2028.403650
timestamp,symbol,price,buy_short_ma,buy_long_ma,sell_short_ma,sell_long_ma
2025-03-27 05:17:00,ETH/USDT,2028.050000,2028.768000,2029.516000,2029.563600,2028.747250
2025-03-27 05:17:00,ENA/USDT,0.429500,0.428470,0.428370,0.428504,0.429499
2025-03-27 05:17:00,BLAST/USDT,0.003806,0.003804,0.003805,0.003804,0.003799
2025-03-27 05:17:00,EIGEN/USDT,1.199000,1.200800,1.202267,1.201580,1.199465
2025-03-27 05:17:00,MNT/USDT,0.844600,0.845240,0.845703,0.845840,0.846674
2025-03-27 05:18:00,ETH/USDT,2027.170000,2028.523000,2029.460333,2029.503600,2028.782150
2025-03-27 05:18:00,ENA/USDT,0.429400,0.428610,0.428427,0.428504,0.429532
2025-03-27 05:18:00,BLAST/USDT,0.003806,0.003805,0.003805,0.003804,0.003799
2025-03-27 05:19:00,EIGEN/USDT,1.198000,1.200100,1.202100,1.201400,1.199625
2025-03-27 05:19:00,MNT/USDT,0.844300,0.844980,0.845563,0.845780,0.846650
2025-03-27 05:19:00,ETH/USDT,2026.140000,2028.188000,2029.328333,2029.420800,2028.809300
2025-03-27 05:20:00,ENA/USDT,0.429500,0.428830,0.428520,0.428468,0.429594
2025-03-27 05:20:00,BLAST/USDT,0.003806,0.003805,0.003806,0.003804,0.003799
2025-03-27 05:20:00,EIGEN/USDT,1.196000,1.199300,1.201867,1.201260,1.199675
2025-03-27 05:20:00,MNT/USDT,0.844500,0.844890,0.845527,0.845748,0.846638
2025-03-27 05:21:00,ETH/USDT,2026.920000,2027.890000,2029.082667,2029.259000,2028.864900
2025-03-27 05:21:00,ENA/USDT,0.430200,0.429070,0.428603,0.428496,0.429629
2025-03-27 05:21:00,BLAST/USDT,0.003804,0.003805,0.003806,0.003805,0.003799
2025-03-27 05:21:00,EIGEN/USDT,1.196000,1.199000,1.201700,1.201140,1.199735
2025-03-27 05:21:00,MNT/USDT,0.844700,0.844800,0.845487,0.845720,0.846627
2025-03-27 05:22:00,ETH/USDT,2025.700000,2027.550000,2028.916333,2029.162800,2028.875200
2025-03-27 05:22:00,ENA/USDT,0.429800,0.429180,0.428640,0.428504,0.429659
2025-03-27 05:22:00,BLAST/USDT,0.003803,0.003805,0.003805,0.003805,0.003799
2025-03-27 05:22:00,EIGEN/USDT,1.195000,1.198600,1.201533,1.201040,1.199780
2025-03-27 05:22:00,MNT/USDT,0.844400,0.844680,0.845430,0.845680,0.846611
2025-03-27 05:23:00,ETH/USDT,2026.100000,2027.350000,2028.776667,2029.092600,2028.883450
2025-03-27 05:23:00,ENA/USDT,0.429500,0.429310,0.428647,0.428504,0.429685
2025-03-27 05:23:00,BLAST/USDT,0.003807,0.003805,0.003806,0.003805,0.003799
2025-03-27 05:23:00,EIGEN/USDT,1.195000,1.198000,1.201267,1.200940,1.199815
2025-03-27 05:23:00,MNT/USDT,0.844300,0.844590,0.845367,0.845640,0.846596
2025-03-27 05:24:00,ETH/USDT,2026.720000,2027.181000,2028.670333,2029.036600,2028.909250
2025-03-27 05:24:00,ENA/USDT,0.430300,0.429560,0.428700,0.428526,0.429720
2025-03-27 05:24:00,BLAST/USDT,0.003814,0.003807,0.003806,0.003805,0.003799
2025-03-27 05:24:00,EIGEN/USDT,1.196000,1.197400,1.201000,1.200840,1.199870
2025-03-27 05:24:00,MNT/USDT,0.844500,0.844520,0.845317,0.845608,0.846582
2025-03-27 05:25:00,ETH/USDT,2026.170000,2026.879000,2028.535000,2028.948000,2028.926750
2025-03-27 05:25:00,ENA/USDT,0.431400,0.429970,0.428810,0.428594,0.429765
2025-03-27 05:25:00,BLAST/USDT,0.003818,0.003809,0.003806,0.003805,0.003799
2025-03-27 05:25:00,EIGEN/USDT,1.195000,1.196700,1.200700,1.200720,1.199920
2025-03-27 05:25:00,MNT/USDT,0.844300,0.844430,0.845267,0.845568,0.846567
2025-03-27 05:26:00,ETH/USDT,2026.710000,2026.716000,2028.426667,2028.879200,2028.944400
2025-03-27 05:26:00,ENA/USDT,0.431700,0.430260,0.428907,0.428670,0.429810
2025-03-27 05:26:00,BLAST/USDT,0.003831,0.003811,0.003807,0.003806,0.003799
2025-03-27 05:26:00,EIGEN/USDT,1.197000,1.196200,1.200433,1.200660,1.199970
2025-03-27 05:26:00,MNT/USDT,0.844500,0.844380,0.845223,0.845530,0.846553
2025-03-27 05:27:00,ETH/USDT,2025.480000,2026.483000,2028.258000,2028.808600,2028.947200
2025-03-27 05:27:00,ENA/USDT,0.431600,0.430440,0.429010,0.428752,0.429854
2025-03-27 05:27:00,BLAST/USDT,0.003863,0.003819,0.003809,0.003808,0.003800
2025-03-27 05:27:00,EIGEN/USDT,1.196000,1.196000,1.200200,1.200660,1.200010
2025-03-27 05:27:00,MNT/USDT,0.844100,0.844340,0.845170,0.845496,0.846536
timestamp,symbol,price,buy_short_ma,buy_long_ma,sell_short_ma,sell_long_ma
2025-03-27 06:31:00,ETH/USDT,2028.150000,2029.010000,2026.999000,2025.851800,2028.527350
2025-03-27 06:31:00,ENA/USDT,0.434200,0.434140,0.433810,0.433324,0.431188
2025-03-27 06:31:00,BLAST/USDT,0.003878,0.003880,0.003843,0.003840,0.003813
2025-03-27 06:31:00,EIGEN/USDT,1.197000,1.197200,1.196433,1.194620,1.199475
2025-03-27 06:31:00,MNT/USDT,0.846800,0.846910,0.846137,0.845228,0.845778
2025-03-27 06:32:00,ETH/USDT,2029.130000,2029.122000,2027.190000,2025.897000,2028.513350
2025-03-27 06:32:00,ENA/USDT,0.434700,0.434250,0.433830,0.433378,0.431192
2025-03-27 06:32:00,BLAST/USDT,0.003884,0.003882,0.003845,0.003841,0.003813
2025-03-27 06:32:00,EIGEN/USDT,1.199000,1.197300,1.196700,1.194660,1.199445
2025-03-27 06:32:00,MNT/USDT,0.846600,0.846880,0.846223,0.845276,0.845775
2025-03-27 06:33:00,ETH/USDT,2027.910000,2028.836000,2027.353667,2025.929400,2028.486250
2025-03-27 06:33:00,ENA/USDT,0.434200,0.434270,0.433853,0.433434,0.431196
2025-03-27 06:33:00,BLAST/USDT,0.003878,0.003883,0.003847,0.003841,0.003814
2025-03-27 06:33:00,EIGEN/USDT,1.197000,1.197200,1.196967,1.194680,1.199395
2025-03-27 06:33:00,MNT/USDT,0.846400,0.846800,0.846307,0.845324,0.845770
2025-03-27 06:34:00,ETH/USDT,2026.290000,2028.470000,2027.439333,2025.919200,2028.444050
2025-03-27 06:34:00,ENA/USDT,0.434100,0.434290,0.433857,0.433484,0.431192
2025-03-27 06:34:00,BLAST/USDT,0.003875,0.003883,0.003849,0.003842,0.003814
2025-03-27 06:35:00,EIGEN/USDT,1.195000,1.197000,1.197200,1.194680,1.199260
2025-03-27 06:35:00,MNT/USDT,0.846200,0.846700,0.846463,0.845432,0.845760
2025-03-27 06:36:00,ETH/USDT,2027.360000,2028.100000,2027.730333,2025.973400,2028.403950
2025-03-27 06:36:00,ENA/USDT,0.434100,0.434320,0.433873,0.433560,0.431189
2025-03-27 06:36:00,BLAST/USDT,0.003860,0.003878,0.003852,0.003842,0.003815
2025-03-27 06:36:00,EIGEN/USDT,1.196000,1.196900,1.197333,1.194700,1.199210
2025-03-27 06:36:00,MNT/USDT,0.846700,0.846720,0.846550,0.845496,0.845760
2025-03-27 06:37:00,ETH/USDT,2027.850000,2028.013000,2027.904667,2026.042200,2028.395450
2025-03-27 06:37:00,ENA/USDT,0.434700,0.434430,0.433920,0.433622,0.431191
2025-03-27 06:37:00,BLAST/USDT,0.003857,0.003875,0.003854,0.003842,0.003815
2025-03-27 06:37:00,EIGEN/USDT,1.197000,1.196900,1.197500,1.194800,1.199170
2025-03-27 06:37:00,MNT/USDT,0.846800,0.846720,0.846630,0.845562,0.845759
2025-03-27 06:38:00,ETH/USDT,2028.130000,2027.895000,2028.046000,2026.122600,2028.392600
2025-03-27 06:38:00,ENA/USDT,0.434700,0.434480,0.433953,0.433678,0.431197
2025-03-27 06:38:00,BLAST/USDT,0.003851,0.003870,0.003855,0.003842,0.003815
2025-03-27 06:38:00,EIGEN/USDT,1.199000,1.197200,1.197733,1.194960,1.199160
2025-03-27 06:38:00,MNT/USDT,0.846900,0.846710,0.846693,0.845620,0.845759
2025-03-27 06:39:00,ETH/USDT,2027.150000,2027.661000,2028.095667,2026.153400,2028.380950
2025-03-27 06:39:00,ENA/USDT,0.433500,0.434330,0.433940,0.433684,0.431194
2025-03-27 06:39:00,BLAST/USDT,0.003846,0.003865,0.003857,0.003842,0.003816
2025-03-27 06:39:00,EIGEN/USDT,1.197000,1.197200,1.197767,1.195040,1.199130
2025-03-27 06:39:00,MNT/USDT,0.846500,0.846640,0.846733,0.845666,0.845756
2025-03-27 06:40:00,ETH/USDT,2027.480000,2027.672000,2028.171333,2026.219400,2028.377400
2025-03-27 06:40:00,ENA/USDT,0.434300,0.434360,0.433977,0.433730,0.431200
2025-03-27 06:40:00,BLAST/USDT,0.003835,0.003858,0.003857,0.003842,0.003816
2025-03-27 06:40:00,EIGEN/USDT,1.200000,1.197600,1.197900,1.195200,1.199130
2025-03-27 06:40:00,MNT/USDT,0.846600,0.846630,0.846763,0.845716,0.845754
2025-03-27 06:41:00,ETH/USDT,2027.680000,2027.556000,2028.215333,2026.261000,2028.370750
2025-03-27 06:41:00,ENA/USDT,0.435000,0.434400,0.434010,0.433784,0.431208
2025-03-27 06:41:00,BLAST/USDT,0.003837,0.003854,0.003859,0.003842,0.003816
2025-03-27 06:41:00,EIGEN/USDT,1.200000,1.197800,1.197967,1.195340,1.199125
2025-03-27 06:41:00,MNT/USDT,0.846600,0.846610,0.846793,0.845766,0.845754
timestamp,symbol,price,buy_short_ma,buy_long_ma,sell_short_ma,sell_long_ma
2025-03-27 06:45:00,ETH/USDT,2026.300000,2026.984000,2028.068000,2026.533600,2028.291250
2025-03-27 06:45:00,ENA/USDT,0.434200,0.434450,0.434180,0.433996,0.431259
2025-03-27 06:45:00,BLAST/USDT,0.003832,0.003838,0.003862,0.003842,0.003817
2025-03-27 06:45:00,EIGEN/USDT,1.197000,1.198300,1.198100,1.196060,1.199075
2025-03-27 06:45:00,MNT/USDT,0.846100,0.846530,0.846747,0.845992,0.845741
2025-03-27 06:46:00,ETH/USDT,2025.770000,2026.698000,2027.904000,2026.580200,2028.270050
2025-03-27 06:46:00,ENA/USDT,0.433200,0.434220,0.434140,0.433978,0.431270
2025-03-27 06:46:00,BLAST/USDT,0.003825,0.003834,0.003860,0.003842,0.003817
2025-03-27 06:46:00,EIGEN/USDT,1.196000,1.198200,1.197900,1.196180,1.199050
2025-03-27 06:46:00,MNT/USDT,0.846200,0.846470,0.846710,0.846044,0.845735
2025-03-27 06:47:00,ETH/USDT,2026.160000,2026.519000,2027.805333,2026.661200,2028.252450
2025-03-27 06:47:00,ENA/USDT,0.432700,0.434030,0.434123,0.433960,0.431275
2025-03-27 06:47:00,BLAST/USDT,0.003820,0.003831,0.003859,0.003842,0.003817
2025-03-27 06:47:00,EIGEN/USDT,1.196000,1.198000,1.197700,1.196300,1.199025
2025-03-27 06:47:00,MNT/USDT,0.846500,0.846450,0.846703,0.846090,0.845730
2025-03-27 06:48:00,ETH/USDT,2026.400000,2026.392000,2027.729333,2026.736400,2028.231450
2025-03-27 06:48:00,ENA/USDT,0.432800,0.433890,0.434093,0.433930,0.431281
2025-03-27 06:48:00,BLAST/USDT,0.003828,0.003829,0.003857,0.003842,0.003817
2025-03-27 06:48:00,EIGEN/USDT,1.196000,1.197700,1.197533,1.196440,1.198990
2025-03-27 06:48:00,MNT/USDT,0.847000,0.846460,0.846703,0.846140,0.845726
2025-03-27 06:49:00,ETH/USDT,2024.420000,2026.038000,2027.560000,2026.764200,2028.196100
2025-03-27 06:49:00,ENA/USDT,0.431300,0.433640,0.434020,0.433876,0.431278
2025-03-27 06:49:00,BLAST/USDT,0.003827,0.003829,0.003856,0.003842,0.003818
2025-03-27 06:49:00,EIGEN/USDT,1.196000,1.197600,1.197433,1.196580,1.198955
2025-03-27 06:50:00,MNT/USDT,0.846400,0.846450,0.846667,0.846240,0.845715
2025-03-27 06:51:00,ETH/USDT,2024.400000,2025.506000,2027.341667,2026.802400,2028.093700
2025-03-27 06:51:00,ENA/USDT,0.431600,0.433030,0.433870,0.433780,0.431272
2025-03-27 06:51:00,BLAST/USDT,0.003824,0.003827,0.003854,0.003842,0.003818
2025-03-27 06:51:00,EIGEN/USDT,1.193000,1.196300,1.197100,1.196680,1.198815
2025-03-27 06:51:00,MNT/USDT,0.846100,0.846360,0.846630,0.846278,0.845705
2025-03-27 06:52:00,ETH/USDT,2023.490000,2025.159000,2027.155333,2026.782800,2028.030500
2025-03-27 06:52:00,ENA/USDT,0.431100,0.432660,0.433773,0.433712,0.431265
2025-03-27 06:52:00,BLAST/USDT,0.003824,0.003826,0.003852,0.003842,0.003818
2025-03-27 06:52:00,EIGEN/USDT,1.190000,1.195200,1.196800,1.196640,1.198720
2025-03-27 06:52:00,MNT/USDT,0.845800,0.846260,0.846583,0.846308,0.845695
2025-03-27 06:53:00,ETH/USDT,2022.770000,2024.775000,2026.875000,2026.770000,2027.963950
2025-03-27 06:53:00,ENA/USDT,0.431300,0.432310,0.433663,0.433656,0.431263
2025-03-27 06:53:00,BLAST/USDT,0.003823,0.003825,0.003851,0.003842,0.003818
2025-03-27 06:53:00,EIGEN/USDT,1.188000,1.194100,1.196433,1.196600,1.198610
2025-03-27 06:53:00,MNT/USDT,0.846000,0.846250,0.846550,0.846354,0.845687
2025-03-27 06:54:00,ETH/USDT,2022.520000,2024.382000,2026.646000,2026.757200,2027.899400
2025-03-27 06:54:00,ENA/USDT,0.431300,0.431970,0.433563,0.433594,0.431260
2025-03-27 06:54:00,BLAST/USDT,0.003826,0.003825,0.003849,0.003842,0.003818
2025-03-27 06:54:00,EIGEN/USDT,1.188000,1.193200,1.196167,1.196540,1.198515
2025-03-27 06:54:00,MNT/USDT,0.846100,0.846240,0.846530,0.846402,0.845681
2025-03-27 06:55:00,ETH/USDT,2023.960000,2024.334000,2026.520667,2026.805600,2027.845600
2025-03-27 06:55:00,ENA/USDT,0.432000,0.431890,0.433543,0.433566,0.431266
2025-03-27 06:55:00,BLAST/USDT,0.003832,0.003826,0.003848,0.003843,0.003818
2025-03-27 06:55:00,EIGEN/USDT,1.190000,1.192700,1.196033,1.196540,1.198445
2025-03-27 06:55:00,MNT/USDT,0.846300,0.846270,0.846520,0.846450,0.845674
2025-03-27 06:56:00,ETH/USDT,2023.470000,2024.098000,2026.318000,2026.809000,2027.777400
2025-03-27 06:56:00,ENA/USDT,0.431800,0.431730,0.433443,0.433526,0.431270
2025-03-27 06:56:00,BLAST/USDT,0.003831,0.003827,0.003846,0.003843,0.003818
2025-03-27 06:56:00,EIGEN/USDT,1.191000,1.192400,1.195867,1.196540,1.198385
2025-03-27 06:56:00,MNT/USDT,0.846300,0.846270,0.846497,0.846484,0.845669
2025-03-27 06:57:00,ETH/USDT,2023.830000,2023.822000,2026.125667,2026.815600,2027.715900
2025-03-27 06:57:00,ENA/USDT,0.432100,0.431700,0.433377,0.433492,0.431279
2025-03-27 06:57:00,BLAST/USDT,0.003834,0.003828,0.003844,0.003844,0.003819
2025-03-27 06:57:00,EIGEN/USDT,1.192000,1.192000,1.195667,1.196520,1.198320
2025-03-27 06:57:00,MNT/USDT,0.846400,0.846250,0.846470,0.846516,0.845662
2025-03-27 06:58:00,ETH/USDT,2023.720000,2023.489000,2025.911333,2026.795400,2027.661600
2025-03-27 06:58:00,ENA/USDT,0.432100,0.431610,0.433303,0.433458,0.431285
2025-03-27 06:58:00,BLAST/USDT,0.003821,0.003826,0.003842,0.003844,0.003819
2025-03-27 06:58:00,EIGEN/USDT,1.191000,1.191400,1.195467,1.196480,1.198260
2025-03-27 06:58:00,MNT/USDT,0.846600,0.846210,0.846460,0.846550,0.845658
2025-03-27 06:59:00,ETH/USDT,2024.120000,2023.443000,2025.737000,2026.767400,2027.608950
2025-03-27 06:59:00,ENA/USDT,0.432500,0.431730,0.433243,0.433444,0.431291
2025-03-27 06:59:00,BLAST/USDT,0.003827,0.003826,0.003839,0.003845,0.003819
2025-03-27 06:59:00,EIGEN/USDT,1.191000,1.190900,1.195267,1.196380,1.198200
2025-03-27 06:59:00,MNT/USDT,0.846500,0.846220,0.846440,0.846576,0.845653
2025-03-27 07:00:00,ETH/USDT,2024.400000,2023.502000,2025.630667,2026.746800,2027.567800
2025-03-27 07:00:00,ENA/USDT,0.432800,0.431880,0.433203,0.433436,0.431301
2025-03-27 07:00:00,BLAST/USDT,0.003831,0.003827,0.003838,0.003845,0.003819
2025-03-27 07:00:00,EIGEN/USDT,1.191000,1.190700,1.195067,1.196260,1.198140
2025-03-27 07:00:00,MNT/USDT,0.846500,0.846260,0.846437,0.846594,0.845647
2025-03-27 07:01:00,ETH/USDT,2024.800000,2023.692000,2025.533333,2026.738000,2027.533000
2025-03-27 07:01:00,ENA/USDT,0.431700,0.431910,0.433113,0.433394,0.431304
2025-03-27 07:01:00,BLAST/USDT,0.003833,0.003828,0.003836,0.003846,0.003819
2025-03-27 07:02:00,EIGEN/USDT,1.192000,1.191000,1.194667,1.196080,1.198050
2025-03-27 07:02:00,MNT/USDT,0.846200,0.846330,0.846407,0.846610,0.845635
2025-03-27 07:03:00,ETH/USDT,2022.890000,2023.726000,2025.190333,2026.598800,2027.433350
2025-03-27 07:03:00,ENA/USDT,0.431800,0.432060,0.432913,0.433342,0.431313
2025-03-27 07:03:00,BLAST/USDT,0.003823,0.003828,0.003833,0.003847,0.003819
2025-03-27 07:03:00,EIGEN/USDT,1.188000,1.190600,1.194233,1.195840,1.197970
2025-03-27 07:03:00,MNT/USDT,0.845800,0.846270,0.846377,0.846586,0.845625
2025-03-27 07:04:00,ETH/USDT,2022.280000,2023.555000,2025.045000,2026.498200,2027.389200
2025-03-27 07:04:00,ENA/USDT,0.431700,0.432030,0.432833,0.433308,0.431317
2025-03-27 07:04:00,BLAST/USDT,0.003824,0.003827,0.003831,0.003847,0.003820
2025-03-27 07:04:00,EIGEN/USDT,1.188000,1.190400,1.194000,1.195680,1.197905
2025-03-27 07:04:00,MNT/USDT,0.845900,0.846230,0.846360,0.846568,0.845621
2025-03-27 07:05:00,ETH/USDT,2023.360000,2023.583000,2024.942000,2026.409200,2027.356900
2025-03-27 07:05:00,ENA/USDT,0.432800,0.432180,0.432807,0.433302,0.431329
2025-03-27 07:05:00,BLAST/USDT,0.003822,0.003826,0.003830,0.003847,0.003820
2025-03-27 07:05:00,EIGEN/USDT,1.190000,1.190200,1.193800,1.195480,1.197860
2025-03-27 07:05:00,MNT/USDT,0.846300,0.846270,0.846360,0.846558,0.845620
2025-03-27 07:06:00,ETH/USDT,2023.310000,2023.497000,2024.754333,2026.255400,2027.306800
2025-03-27 07:06:00,ENA/USDT,0.432800,0.432230,0.432730,0.433278,0.431334
2025-03-27 07:06:00,BLAST/USDT,0.003827,0.003826,0.003829,0.003847,0.003820
2025-03-27 07:06:00,EIGEN/USDT,1.191000,1.190300,1.193633,1.195280,1.197825
2025-03-27 07:06:00,MNT/USDT,0.846500,0.846300,0.846343,0.846538,0.845618
2025-03-27 07:07:00,ETH/USDT,2023.550000,2023.550000,2024.610000,2026.145400,2027.261050
2025-03-27 07:07:00,ENA/USDT,0.433100,0.432370,0.432687,0.433280,0.431341
2025-03-27 07:07:00,BLAST/USDT,0.003826,0.003827,0.003828,0.003846,0.003820
2025-03-27 07:07:00,EIGEN/USDT,1.190000,1.190000,1.193333,1.195020,1.197765
2025-03-27 07:07:00,MNT/USDT,0.846400,0.846280,0.846327,0.846528,0.845616
2025-03-27 07:08:00,ETH/USDT,2025.100000,2023.834000,2024.562333,2026.096600,2027.230800
2025-03-27 07:08:00,ENA/USDT,0.434300,0.432660,0.432720,0.433310,0.431360
2025-03-27 07:08:00,BLAST/USDT,0.003829,0.003828,0.003828,0.003845,0.003820
2025-03-27 07:08:00,EIGEN/USDT,1.190000,1.189900,1.193033,1.194800,1.197710
2025-03-27 07:08:00,MNT/USDT,0.846200,0.846230,0.846303,0.846512,0.845612
2025-03-27 07:09:00,ETH/USDT,2025.000000,2023.853000,2024.460333,2026.004600,2027.198900
2025-03-27 07:09:00,ENA/USDT,0.434400,0.432840,0.432747,0.433332,0.431378
2025-03-27 07:09:00,BLAST/USDT,0.003829,0.003828,0.003828,0.003845,0.003820
2025-03-27 07:09:00,EIGEN/USDT,1.191000,1.190000,1.192833,1.194640,1.197680
2025-03-27 07:09:00,MNT/USDT,0.846500,0.846240,0.846310,0.846504,0.845612
2025-03-27 07:10:00,ETH/USDT,2027.090000,2024.201000,2024.511000,2026.028000,2027.185150
2025-03-27 07:10:00,ENA/USDT,0.434400,0.433010,0.432760,0.433342,0.431391
2025-03-27 07:10:00,BLAST/USDT,0.003825,0.003826,0.003827,0.003844,0.003820
2025-03-27 07:10:00,EIGEN/USDT,1.191000,1.190000,1.192567,1.194500,1.197640
2025-03-27 07:10:00,MNT/USDT,0.846900,0.846320,0.846333,0.846510,0.845616
2025-03-27 07:11:00,ETH/USDT,2027.770000,2024.586000,2024.554000,2026.036200,2027.173300
2025-03-27 07:11:00,ENA/USDT,0.434800,0.433350,0.432757,0.433370,0.431407
2025-03-27 07:11:00,BLAST/USDT,0.003836,0.003827,0.003827,0.003843,0.003821
2025-03-27 07:11:00,EIGEN/USDT,1.195000,1.190300,1.192400,1.194440,1.197615
2025-03-27 07:11:00,MNT/USDT,0.847700,0.846530,0.846387,0.846538,0.845623
2025-03-27 07:12:00,ETH/USDT,2027.170000,2025.005000,2024.585333,2026.012600,2027.157300
2025-03-27 07:12:00,ENA/USDT,0.435200,0.433680,0.432777,0.433398,0.431422
2025-03-27 07:12:00,BLAST/USDT,0.003834,0.003828,0.003828,0.003843,0.003821
2025-03-27 07:12:00,EIGEN/USDT,1.194000,1.190900,1.192200,1.194360,1.197590
2025-03-27 07:13:00,MNT/USDT,0.847600,0.846880,0.846470,0.846562,0.845632
2025-03-27 07:13:00,ETH/USDT,2026.180000,2025.365000,2024.596667,2025.928000,2027.134550
2025-03-27 07:13:00,ENA/USDT,0.434900,0.433990,0.432777,0.433402,0.431432
2025-03-27 07:13:00,BLAST/USDT,0.003828,0.003828,0.003827,0.003842,0.003821
2025-03-27 07:14:00,EIGEN/USDT,1.193000,1.191900,1.191900,1.194200,1.197530
2025-03-27 07:14:00,MNT/USDT,0.847700,0.847030,0.846520,0.846582,0.845638
2025-03-27 07:15:00,ETH/USDT,2027.280000,2026.275000,2024.695333,2025.862800,2027.104350
2025-03-27 07:15:00,ENA/USDT,0.435200,0.434620,0.432877,0.433474,0.431456
2025-03-27 07:15:00,BLAST/USDT,0.003833,0.003830,0.003828,0.003840,0.003821
2025-03-27 07:15:00,EIGEN/USDT,1.191000,1.191700,1.191633,1.194060,1.197480
2025-03-27 07:15:00,MNT/USDT,0.848400,0.847260,0.846597,0.846616,0.845649
2025-03-27 07:16:00,ETH/USDT,2027.850000,2026.747000,2024.773000,2025.835000,2027.094700
2025-03-27 07:16:00,ENA/USDT,0.435400,0.434850,0.432947,0.433488,0.431472
2025-03-27 07:16:00,BLAST/USDT,0.003826,0.003830,0.003828,0.003839,0.003822
2025-03-27 07:16:00,EIGEN/USDT,1.192000,1.191900,1.191500,1.193940,1.197425
2025-03-27 07:16:00,MNT/USDT,0.848000,0.847390,0.846643,0.846630,0.845657
2025-03-27 07:17:00,ETH/USDT,2028.240000,2027.153000,2024.859333,2025.826600,2027.086250
2025-03-27 07:17:00,ENA/USDT,0.437700,0.435500,0.433207,0.433610,0.431512
2025-03-27 07:17:00,BLAST/USDT,0.003826,0.003829,0.003828,0.003838,0.003822
2025-03-27 07:17:00,EIGEN/USDT,1.192000,1.192100,1.191367,1.193820,1.197370
2025-03-27 07:17:00,MNT/USDT,0.848000,0.847570,0.846700,0.846652,0.845666
2025-03-27 07:18:00,ETH/USDT,2026.200000,2027.111000,2024.798667,2025.728200,2027.052300
2025-03-27 07:18:00,ENA/USDT,0.436300,0.435590,0.433293,0.433636,0.431528
2025-03-27 07:18:00,BLAST/USDT,0.003833,0.003830,0.003828,0.003837,0.003822
2025-03-27 07:18:00,EIGEN/USDT,1.190000,1.191900,1.191100,1.193660,1.197300
2025-03-27 07:18:00,MNT/USDT,0.847400,0.847670,0.846707,0.846658,0.845671
2025-03-27 07:19:00,ETH/USDT,2024.870000,2026.832000,2024.778000,2025.620400,2027.013350
2025-03-27 07:19:00,ENA/USDT,0.435300,0.435710,0.433440,0.433664,0.431531
2025-03-27 07:19:00,BLAST/USDT,0.003820,0.003829,0.003827,0.003835,0.003822
2025-03-27 07:19:00,EIGEN/USDT,1.187000,1.191400,1.190767,1.193440,1.197215
2025-03-27 07:19:00,MNT/USDT,0.847000,0.847640,0.846713,0.846648,0.845671
2025-03-27 07:20:00,ETH/USDT,2025.760000,2026.684000,2024.834333,2025.578600,2026.982600
2025-03-27 07:20:00,ENA/USDT,0.435400,0.435870,0.433597,0.433704,0.431547
2025-03-27 07:20:00,BLAST/USDT,0.003815,0.003827,0.003827,0.003834,0.003822
2025-03-27 07:20:00,EIGEN/USDT,1.188000,1.191200,1.190633,1.193280,1.197125
2025-03-27 07:20:00,MNT/USDT,0.847500,0.847670,0.846770,0.846672,0.845678
2025-03-27 07:21:00,ETH/USDT,2024.330000,2026.275000,2024.834667,2025.482400,2026.950550
2025-03-27 07:21:00,ENA/USDT,0.435200,0.435900,0.433720,0.433718,0.431562
2025-03-27 07:21:00,BLAST/USDT,0.003805,0.003823,0.003826,0.003832,0.003822
2025-03-27 07:21:00,EIGEN/USDT,1.185000,1.190200,1.190400,1.193040,1.197030
2025-03-27 07:21:00,MNT/USDT,0.847500,0.847640,0.846823,0.846684,0.845687
2025-03-27 07:22:00,ETH/USDT,2024.090000,2025.994000,2024.889333,2025.394200,2026.924600
2025-03-27 07:22:00,ENA/USDT,0.435200,0.435980,0.433880,0.433730,0.431581
2025-03-27 07:22:00,BLAST/USDT,0.003806,0.003821,0.003826,0.003830,0.003822
2025-03-27 07:22:00,EIGEN/USDT,1.185000,1.189300,1.190267,1.192760,1.196940
2025-03-27 07:22:00,MNT/USDT,0.847600,0.847650,0.846883,0.846708,0.845699
2025-03-27 07:23:00,ETH/USDT,2023.360000,2025.704000,2024.918667,2025.320200,2026.895700
2025-03-27 07:23:00,ENA/USDT,0.434500,0.435880,0.433983,0.433726,0.431589
2025-03-27 07:23:00,BLAST/USDT,0.003787,0.003817,0.003824,0.003829,0.003822
2025-03-27 07:23:00,EIGEN/USDT,1.184000,1.188400,1.190133,1.192500,1.196845
2025-03-27 07:23:00,MNT/USDT,0.847700,0.847660,0.846940,0.846736,0.845709
2025-03-27 07:24:00,ETH/USDT,2024.350000,2025.411000,2024.943667,2025.282200,2026.874900
2025-03-27 07:24:00,ENA/USDT,0.434900,0.435830,0.434083,0.433744,0.431605
2025-03-27 07:24:00,BLAST/USDT,0.003780,0.003812,0.003823,0.003827,0.003822
2025-03-27 07:24:00,EIGEN/USDT,1.184000,1.187700,1.189933,1.192280,1.196760
2025-03-27 07:25:00,MNT/USDT,0.847700,0.847610,0.847033,0.846782,0.845727
2025-03-27 07:25:00,ETH/USDT,2024.420000,2025.091000,2024.958000,2025.223400,2026.850850
2025-03-27 07:25:00,ENA/USDT,0.434500,0.435770,0.434173,0.433752,0.431622
2025-03-27 07:25:00,BLAST/USDT,0.003777,0.003806,0.003821,0.003825,0.003822
2025-03-27 07:26:00,EIGEN/USDT,1.188000,1.187000,1.189700,1.191940,1.196620
2025-03-27 07:26:00,MNT/USDT,0.847200,0.847480,0.847057,0.846780,0.845733
2025-03-27 07:27:00,ETH/USDT,2024.050000,2024.399000,2025.019333,2025.067600,2026.820250
2025-03-27 07:27:00,ENA/USDT,0.434200,0.435130,0.434327,0.433734,0.431666
2025-03-27 07:27:00,BLAST/USDT,0.003779,0.003796,0.003818,0.003822,0.003822
2025-03-27 07:27:00,EIGEN/USDT,1.187000,1.186500,1.189500,1.191700,1.196550
2025-03-27 07:27:00,MNT/USDT,0.847300,0.847430,0.847087,0.846792,0.845744
2025-03-27 07:28:00,ETH/USDT,2023.630000,2024.212000,2025.009333,2024.976200,2026.809050
2025-03-27 07:28:00,ENA/USDT,0.433100,0.434720,0.434343,0.433706,0.431683
2025-03-27 07:28:00,BLAST/USDT,0.003774,0.003791,0.003816,0.003821,0.003822
2025-03-27 07:28:00,EIGEN/USDT,1.186000,1.186100,1.189300,1.191420,1.196490
2025-03-27 07:28:00,MNT/USDT,0.847400,0.847460,0.847110,0.846802,0.845754
2025-03-27 07:29:00,ETH/USDT,2024.700000,2024.239000,2025.034667,2024.926400,2026.802450
2025-03-27 07:29:00,ENA/USDT,0.433400,0.434460,0.434370,0.433702,0.431703
2025-03-27 07:29:00,BLAST/USDT,0.003780,0.003787,0.003814,0.003820,0.003822
2025-03-27 07:29:00,EIGEN/USDT,1.187000,1.186100,1.189200,1.191220,1.196440
2025-03-27 07:29:00,MNT/USDT,0.847600,0.847490,0.847147,0.846826,0.845766
2025-03-27 07:30:00,ETH/USDT,2025.550000,2024.393000,2025.084000,2024.916800,2026.800400
2025-03-27 07:30:00,ENA/USDT,0.434200,0.434440,0.434447,0.433722,0.431731
2025-03-27 07:30:00,BLAST/USDT,0.003777,0.003784,0.003812,0.003818,0.003822
2025-03-27 07:30:00,EIGEN/USDT,1.188000,1.186200,1.189133,1.191020,1.196390
2025-03-27 07:30:00,MNT/USDT,0.847700,0.847520,0.847187,0.846848,0.845776
2025-03-27 07:31:00,ETH/USDT,2024.510000,2024.387000,2025.086000,2024.866800,2026.789400
2025-03-27 07:31:00,ENA/USDT,0.433900,0.434240,0.434520,0.433696,0.431757
2025-03-27 07:31:00,BLAST/USDT,0.003784,0.003782,0.003811,0.003818,0.003822
2025-03-27 07:31:00,EIGEN/USDT,1.189000,1.186700,1.189067,1.190820,1.196345
2025-03-27 07:31:00,MNT/USDT,0.847400,0.847490,0.847223,0.846860,0.845784
2025-03-27 07:32:00,ETH/USDT,2025.380000,2024.621000,2025.201333,2024.871000,2026.788400
2025-03-27 07:32:00,ENA/USDT,0.434900,0.434320,0.434647,0.433718,0.431794
2025-03-27 07:32:00,BLAST/USDT,0.003784,0.003780,0.003810,0.003817,0.003822
2025-03-27 07:32:00,EIGEN/USDT,1.189000,1.187100,1.189100,1.190600,1.196305
2025-03-27 07:32:00,MNT/USDT,0.847700,0.847530,0.847297,0.846892,0.845797
2025-03-27 07:33:00,ETH/USDT,2026.000000,2024.902000,2025.323667,2024.879200,2026.780700
2025-03-27 07:33:00,ENA/USDT,0.435300,0.434420,0.434773,0.433732,0.431826
2025-03-27 07:33:00,BLAST/USDT,0.003785,0.003780,0.003808,0.003816,0.003822
2025-03-27 07:33:00,EIGEN/USDT,1.188000,1.187400,1.189067,1.190380,1.196245
2025-03-27 07:33:00,MNT/USDT,0.847700,0.847520,0.847357,0.846920,0.845805
2025-03-27 07:34:00,ETH/USDT,2027.700000,2025.353000,2025.512667,2024.934800,2026.782350
2025-03-27 07:34:00,ENA/USDT,0.436500,0.434630,0.434933,0.433782,0.431863
2025-03-27 07:34:00,BLAST/USDT,0.003784,0.003780,0.003807,0.003815,0.003822
2025-03-27 07:34:00,EIGEN/USDT,1.191000,1.188100,1.189167,1.190260,1.196205
2025-03-27 07:34:00,MNT/USDT,0.847800,0.847530,0.847407,0.846950,0.845813
2025-03-27 07:35:00,ETH/USDT,2028.110000,2025.728000,2025.709333,2024.987800,2026.772550
2025-03-27 07:35:00,ENA/USDT,0.435300,0.434690,0.435023,0.433816,0.431887
2025-03-27 07:35:00,BLAST/USDT,0.003782,0.003781,0.003806,0.003814,0.003822
2025-03-27 07:35:00,EIGEN/USDT,1.192000,1.188600,1.189233,1.190180,1.196165
2025-03-27 07:35:00,MNT/USDT,0.847400,0.847540,0.847447,0.846974,0.845817
2025-03-27 07:36:00,ETH/USDT,2026.100000,2025.916000,2025.791333,2024.989200,2026.758900
2025-03-27 07:36:00,ENA/USDT,0.434600,0.434730,0.435077,0.433844,0.431911
2025-03-27 07:36:00,BLAST/USDT,0.003782,0.003782,0.003804,0.003813,0.003822
2025-03-27 07:36:00,EIGEN/USDT,1.189000,1.188800,1.189200,1.190040,1.196105
2025-03-27 07:37:00,MNT/USDT,0.847900,0.847680,0.847553,0.847038,0.845836
2025-03-27 07:37:00,ETH/USDT,2024.000000,2025.874000,2025.738333,2024.928000,2026.735950
2025-03-27 07:38:00,ENA/USDT,0.433900,0.434800,0.435057,0.433892,0.431952
2025-03-27 07:38:00,BLAST/USDT,0.003770,0.003780,0.003800,0.003811,0.003822
2025-03-27 07:38:00,EIGEN/USDT,1.185000,1.188500,1.188833,1.189580,1.195945
2025-03-27 07:38:00,MNT/USDT,0.847700,0.847740,0.847610,0.847056,0.845846
2025-03-27 07:39:00,ETH/USDT,2024.300000,2025.701000,2025.635333,2024.881600,2026.697000
2025-03-27 07:39:00,ENA/USDT,0.433000,0.434580,0.434977,0.433908,0.431962
2025-03-27 07:39:00,BLAST/USDT,0.003770,0.003779,0.003798,0.003810,0.003821
2025-03-27 07:39:00,EIGEN/USDT,1.184000,1.187900,1.188533,1.189300,1.195845
2025-03-27 07:39:00,MNT/USDT,0.848200,0.847840,0.847667,0.847100,0.845858
2025-03-27 07:40:00,ETH/USDT,2024.760000,2025.636000,2025.544667,2024.890600,2026.682700
2025-03-27 07:40:00,ENA/USDT,0.434000,0.434620,0.434973,0.433968,0.431989
2025-03-27 07:40:00,BLAST/USDT,0.003765,0.003777,0.003796,0.003808,0.003821
2025-03-27 07:40:00,EIGEN/USDT,1.184000,1.187400,1.188300,1.189120,1.195755
2025-03-27 07:40:00,MNT/USDT,0.847900,0.847860,0.847677,0.847134,0.845868
2025-03-27 07:41:00,ETH/USDT,2024.520000,2025.485000,2025.421000,2024.898400,2026.665750
2025-03-27 07:41:00,ENA/USDT,0.432900,0.434340,0.434877,0.433978,0.432005
2025-03-27 07:41:00,BLAST/USDT,0.003761,0.003774,0.003793,0.003807,0.003821
2025-03-27 07:41:00,EIGEN/USDT,1.185000,1.187000,1.187967,1.188980,1.195670
2025-03-27 07:41:00,MNT/USDT,0.848000,0.847870,0.847683,0.847176,0.845880
2025-03-27 07:42:00,ETH/USDT,2025.950000,2025.594000,2025.406000,2024.978400,2026.658750
2025-03-27 07:42:00,ENA/USDT,0.433400,0.434130,0.434807,0.434016,0.432026
2025-03-27 07:42:00,BLAST/USDT,0.003761,0.003772,0.003791,0.003806,0.003821
2025-03-27 07:42:00,EIGEN/USDT,1.185000,1.186700,1.187667,1.188900,1.195585
2025-03-27 07:42:00,MNT/USDT,0.848100,0.847910,0.847697,0.847218,0.845891
2025-03-27 07:43:00,ETH/USDT,2025.210000,2025.380000,2025.367333,2025.030800,2026.639500
2025-03-27 07:43:00,ENA/USDT,0.433300,0.433880,0.434743,0.434060,0.432047
2025-03-27 07:43:00,BLAST/USDT,0.003761,0.003769,0.003789,0.003805,0.003821
2025-03-27 07:43:00,EIGEN/USDT,1.184000,1.186400,1.187400,1.188840,1.195500
2025-03-27 07:43:00,MNT/USDT,0.847800,0.847910,0.847697,0.847250,0.845902
2025-03-27 07:44:00,ETH/USDT,2024.800000,2025.096000,2025.288667,2025.057200,2026.618400
2025-03-27 07:44:00,ENA/USDT,0.432900,0.433510,0.434650,0.434074,0.432064
2025-03-27 07:44:00,BLAST/USDT,0.003761,0.003767,0.003786,0.003803,0.003821
2025-03-27 07:44:00,EIGEN/USDT,1.184000,1.185600,1.187167,1.188720,1.195410
2025-03-27 07:44:00,MNT/USDT,0.847600,0.847880,0.847687,0.847274,0.845911
2025-03-27 07:45:00,ETH/USDT,2024.530000,2024.730000,2025.177333,2025.063000,2026.589850
2025-03-27 07:45:00,ENA/USDT,0.432800,0.433250,0.434570,0.434092,0.432080
2025-03-27 07:45:00,BLAST/USDT,0.003757,0.003765,0.003784,0.003802,0.003821
2025-03-27 07:45:00,EIGEN/USDT,1.184000,1.184800,1.186933,1.188560,1.195315
2025-03-27 07:45:00,MNT/USDT,0.847400,0.847890,0.847667,0.847298,0.845918
2025-03-27 07:46:00,ETH/USDT,2024.380000,2024.650000,2025.045333,2025.090200,2026.557250
2025-03-27 07:46:00,ENA/USDT,0.433600,0.433190,0.434433,0.434132,0.432098
2025-03-27 07:46:00,BLAST/USDT,0.003759,0.003763,0.003782,0.003800,0.003820
2025-03-27 07:46:00,EIGEN/USDT,1.184000,1.184300,1.186667,1.188420,1.195220
2025-03-27 07:46:00,MNT/USDT,0.847400,0.847830,0.847643,0.847324,0.845926
2025-03-27 07:47:00,ETH/USDT,2024.860000,2024.775000,2024.999667,2025.131600,2026.527200
2025-03-27 07:47:00,ENA/USDT,0.433800,0.433180,0.434333,0.434170,0.432115
2025-03-27 07:47:00,BLAST/USDT,0.003748,0.003760,0.003779,0.003799,0.003820
2025-03-27 07:47:00,EIGEN/USDT,1.184000,1.184200,1.186433,1.188260,1.195115
2025-03-27 07:47:00,MNT/USDT,0.847500,0.847770,0.847633,0.847346,0.845935
2025-03-27 07:48:00,ETH/USDT,2025.940000,2024.967000,2025.032667,2025.182800,2026.508100
2025-03-27 07:48:00,ENA/USDT,0.433400,0.433200,0.434217,0.434192,0.432133
2025-03-27 07:48:00,BLAST/USDT,0.003745,0.003758,0.003776,0.003797,0.003820
2025-03-27 07:48:00,EIGEN/USDT,1.186000,1.184500,1.186333,1.188160,1.195030
2025-03-27 07:49:00,MNT/USDT,0.847500,0.847660,0.847660,0.847386,0.845953
2025-03-27 07:49:00,ETH/USDT,2025.820000,2025.110000,2025.053333,2025.205000,2026.486400
2025-03-27 07:50:00,ENA/USDT,0.433200,0.433150,0.434037,0.434202,0.432159
2025-03-27 07:50:00,BLAST/USDT,0.003741,0.003754,0.003771,0.003794,0.003819
2025-03-27 07:50:00,EIGEN/USDT,1.186000,1.184900,1.186200,1.187960,1.194875
2025-03-27 07:50:00,MNT/USDT,0.847600,0.847650,0.847670,0.847410,0.845960
2025-03-27 07:51:00,ETH/USDT,2026.490000,2025.466000,2025.168000,2025.275000,2026.442400
2025-03-27 07:51:00,ENA/USDT,0.433500,0.433280,0.433967,0.434244,0.432180
2025-03-27 07:51:00,BLAST/USDT,0.003740,0.003751,0.003769,0.003792,0.003819
2025-03-27 07:51:00,EIGEN/USDT,1.188000,1.185400,1.186367,1.187920,1.194815
2025-03-27 07:51:00,MNT/USDT,0.847600,0.847600,0.847663,0.847434,0.845967
2025-03-27 07:52:00,ETH/USDT,2026.750000,2025.490000,2025.234333,2025.337200,2026.424150
2025-03-27 07:52:00,ENA/USDT,0.433700,0.433320,0.433930,0.434282,0.432204
2025-03-27 07:52:00,BLAST/USDT,0.003744,0.003750,0.003767,0.003790,0.003819
2025-03-27 07:52:00,EIGEN/USDT,1.187000,1.185300,1.186367,1.187860,1.194740
2025-03-27 07:52:00,MNT/USDT,0.847200,0.847470,0.847630,0.847450,0.845970
2025-03-27 07:53:00,ETH/USDT,2026.760000,2025.631000,2025.347000,2025.422000,2026.410550
2025-03-27 07:53:00,ENA/USDT,0.433400,0.433330,0.433883,0.434310,0.432224
2025-03-27 07:53:00,BLAST/USDT,0.003753,0.003749,0.003766,0.003789,0.003818
2025-03-27 07:53:00,EIGEN/USDT,1.187000,1.185700,1.186500,1.187860,1.194685
2025-03-27 07:53:00,MNT/USDT,0.847300,0.847430,0.847617,0.847480,0.845977
2025-03-27 07:54:00,ETH/USDT,2026.520000,2025.877000,2025.435667,2025.498400,2026.393200
2025-03-27 07:54:00,ENA/USDT,0.433500,0.433410,0.433840,0.434338,0.432245
2025-03-27 07:54:00,BLAST/USDT,0.003759,0.003749,0.003766,0.003787,0.003818
2025-03-27 07:54:00,EIGEN/USDT,1.187000,1.186000,1.186600,1.187840,1.194615
2025-03-27 07:54:00,MNT/USDT,0.847000,0.847350,0.847590,0.847492,0.845981
2025-03-27 07:55:00,ETH/USDT,2027.010000,2026.168000,2025.538333,2025.603000,2026.376000
2025-03-27 07:55:00,ENA/USDT,0.433300,0.433410,0.433793,0.434352,0.432266
2025-03-27 07:55:00,BLAST/USDT,0.003755,0.003749,0.003765,0.003786,0.003818
2025-03-27 07:55:00,EIGEN/USDT,1.187000,1.186300,1.186567,1.187760,1.194545
2025-03-27 07:55:00,MNT/USDT,0.846900,0.847300,0.847577,0.847506,0.845983
2025-03-27 07:56:00,ETH/USDT,2027.610000,2026.512000,2025.677000,2025.697800,2026.361850
2025-03-27 07:56:00,ENA/USDT,0.432600,0.433260,0.433723,0.434334,0.432285
2025-03-27 07:56:00,BLAST/USDT,0.003761,0.003750,0.003765,0.003785,0.003818
2025-03-27 07:56:00,EIGEN/USDT,1.188000,1.186700,1.186600,1.187720,1.194485
2025-03-27 07:56:00,MNT/USDT,0.847900,0.847440,0.847630,0.847556,0.845996
2025-03-27 07:57:00,ETH/USDT,2026.400000,2026.662000,2025.772333,2025.731600,2026.349450
2025-03-27 07:57:00,ENA/USDT,0.432600,0.433140,0.433680,0.434306,0.432310
2025-03-27 07:57:00,BLAST/USDT,0.003756,0.003750,0.003764,0.003783,0.003818
2025-03-27 07:57:00,EIGEN/USDT,1.187000,1.187000,1.186633,1.187660,1.194435
2025-03-27 07:57:00,MNT/USDT,0.847700,0.847450,0.847647,0.847584,0.846005
2025-03-27 07:58:00,ETH/USDT,2026.320000,2026.723000,2025.844000,2025.762600,2026.338350
2025-03-27 07:58:00,ENA/USDT,0.432400,0.433040,0.433643,0.434260,0.432333
2025-03-27 07:58:00,BLAST/USDT,0.003752,0.003751,0.003763,0.003782,0.003817
2025-03-27 07:58:00,EIGEN/USDT,1.186000,1.186900,1.186567,1.187540,1.194375
2025-03-27 07:58:00,MNT/USDT,0.847900,0.847480,0.847660,0.847614,0.846016
2025-03-27 07:59:00,ETH/USDT,2026.740000,2026.815000,2025.878333,2025.768000,2026.328400
2025-03-27 07:59:00,ENA/USDT,0.432400,0.432960,0.433577,0.434216,0.432355
2025-03-27 07:59:00,BLAST/USDT,0.003756,0.003753,0.003762,0.003781,0.003817
2025-03-27 07:59:00,EIGEN/USDT,1.187000,1.187000,1.186533,1.187460,1.194315
2025-03-27 07:59:00,MNT/USDT,0.847900,0.847510,0.847670,0.847634,0.846025
2025-03-27 08:00:00,ETH/USDT,2027.350000,2026.867000,2025.928667,2025.756800,2026.319350
2025-03-27 08:00:00,ENA/USDT,0.432200,0.432830,0.433510,0.434166,0.432375
2025-03-27 08:00:00,BLAST/USDT,0.003765,0.003755,0.003762,0.003779,0.003817
2025-03-27 08:00:00,EIGEN/USDT,1.188000,1.187000,1.186500,1.187400,1.194255
2025-03-27 08:01:00,MNT/USDT,0.848200,0.847700,0.847703,0.847658,0.846047
2025-03-27 08:01:00,ETH/USDT,2028.000000,2027.038000,2025.994333,2025.752200,2026.312200
2025-03-27 08:01:00,ENA/USDT,0.433200,0.432770,0.433453,0.434130,0.432398
2025-03-27 08:02:00,BLAST/USDT,0.003770,0.003761,0.003761,0.003777,0.003817
2025-03-27 08:02:00,EIGEN/USDT,1.187000,1.187000,1.186400,1.187100,1.194120
2025-03-27 08:02:00,MNT/USDT,0.848100,0.847750,0.847707,0.847660,0.846056
2025-03-27 08:03:00,ETH/USDT,2028.400000,2027.330000,2026.134000,2025.824800,2026.310500
2025-03-27 08:03:00,ENA/USDT,0.433000,0.432710,0.433300,0.434050,0.432448
2025-03-27 08:03:00,BLAST/USDT,0.003780,0.003764,0.003761,0.003776,0.003817
2025-03-27 08:03:00,EIGEN/USDT,1.190000,1.187600,1.186567,1.187100,1.194090
2025-03-27 08:03:00,MNT/USDT,0.847900,0.847810,0.847710,0.847662,0.846067
2025-03-27 08:04:00,ETH/USDT,2025.460000,2026.922000,2025.973000,2025.737800,2026.280900
2025-03-27 08:04:00,ENA/USDT,0.432300,0.432570,0.433153,0.433980,0.432466
2025-03-27 08:04:00,BLAST/USDT,0.003777,0.003766,0.003761,0.003775,0.003816
2025-03-27 08:04:00,EIGEN/USDT,1.187000,1.187300,1.186300,1.186960,1.194005
2025-03-27 08:04:00,MNT/USDT,0.847700,0.847870,0.847703,0.847658,0.846074
2025-03-27 08:05:00,ETH/USDT,2025.480000,2026.709000,2025.891000,2025.695000,2026.262100
2025-03-27 08:05:00,ENA/USDT,0.432200,0.432480,0.433040,0.433916,0.432485
2025-03-27 08:05:00,BLAST/USDT,0.003773,0.003767,0.003760,0.003774,0.003816
2025-03-27 08:05:00,EIGEN/USDT,1.189000,1.187700,1.186267,1.186960,1.193950
2025-03-27 08:05:00,MNT/USDT,0.847900,0.847890,0.847727,0.847658,0.846084
2025-03-27 08:06:00,ETH/USDT,2023.480000,2026.157000,2025.786667,2025.569200,2026.219650
2025-03-27 08:06:00,ENA/USDT,0.431200,0.432310,0.432913,0.433770,0.432494
2025-03-27 08:06:00,BLAST/USDT,0.003773,0.003768,0.003760,0.003773,0.003816
2025-03-27 08:06:00,EIGEN/USDT,1.187000,1.187500,1.186167,1.186840,1.193860
2025-03-27 08:06:00,MNT/USDT,0.847700,0.847850,0.847710,0.847646,0.846089
2025-03-27 08:07:00,ETH/USDT,2023.390000,2025.830000,2025.765333,2025.504000,2026.189750
2025-03-27 08:07:00,ENA/USDT,0.430400,0.432060,0.432780,0.433632,0.432503
2025-03-27 08:07:00,BLAST/USDT,0.003772,0.003770,0.003760,0.003771,0.003816
2025-03-27 08:07:00,EIGEN/USDT,1.187000,1.187600,1.186233,1.186760,1.193785
2025-03-27 08:07:00,MNT/USDT,0.847500,0.847840,0.847687,0.847638,0.846095
2025-03-27 08:08:00,ETH/USDT,2022.400000,2025.339000,2025.676333,2025.432000,2026.154350
2025-03-27 08:08:00,ENA/USDT,0.430200,0.431820,0.432677,0.433496,0.432512
2025-03-27 08:08:00,BLAST/USDT,0.003764,0.003770,0.003760,0.003770,0.003816
2025-03-27 08:08:00,EIGEN/USDT,1.186000,1.187500,1.186300,1.186680,1.193705
2025-03-27 08:08:00,MNT/USDT,0.847500,0.847800,0.847667,0.847648,0.846101
2025-03-27 08:09:00,ETH/USDT,2018.290000,2024.458000,2025.449667,2025.279800,2026.092400
2025-03-27 08:09:00,ENA/USDT,0.429000,0.431490,0.432527,0.433354,0.432516
2025-03-27 08:09:00,BLAST/USDT,0.003762,0.003771,0.003760,0.003769,0.003816
2025-03-27 08:09:00,EIGEN/USDT,1.182000,1.187000,1.186233,1.186560,1.193615
2025-03-27 08:09:00,MNT/USDT,0.847100,0.847700,0.847627,0.847640,0.846103
2025-03-27 08:10:00,ETH/USDT,2018.820000,2023.690000,2025.280000,2025.161800,2026.038500
2025-03-27 08:10:00,ENA/USDT,0.428600,0.431160,0.432383,0.433222,0.432520
2025-03-27 08:10:00,BLAST/USDT,0.003764,0.003771,0.003760,0.003768,0.003815
2025-03-27 08:10:00,EIGEN/USDT,1.182000,1.186400,1.186167,1.186440,1.193520
2025-03-27 08:10:00,MNT/USDT,0.847400,0.847620,0.847613,0.847640,0.846112
2025-03-27 08:11:00,ETH/USDT,2019.540000,2022.884000,2025.104000,2025.070000,2025.982350
2025-03-27 08:11:00,ENA/USDT,0.428500,0.430690,0.432250,0.433074,0.432521
2025-03-27 08:11:00,BLAST/USDT,0.003766,0.003770,0.003760,0.003767,0.003815
2025-03-27 08:11:00,EIGEN/USDT,1.182000,1.185900,1.186067,1.186380,1.193425
2025-03-27 08:11:00,MNT/USDT,0.847500,0.847590,0.847600,0.847638,0.846120
2025-03-27 08:12:00,ETH/USDT,2019.010000,2021.949000,2024.884000,2024.973000,2025.929000
2025-03-27 08:12:00,ENA/USDT,0.428400,0.430170,0.432073,0.432938,0.432520
2025-03-27 08:12:00,BLAST/USDT,0.003760,0.003768,0.003760,0.003766,0.003815
2025-03-27 08:12:00,EIGEN/USDT,1.181000,1.185000,1.185900,1.186300,1.193330
2025-03-27 08:13:00,MNT/USDT,0.847400,0.847490,0.847570,0.847626,0.846136
2025-03-27 08:13:00,ETH/USDT,2019.240000,2021.286000,2024.681000,2024.890600,2025.874500
2025-03-27 08:13:00,ENA/USDT,0.427900,0.429730,0.431913,0.432812,0.432516
2025-03-27 08:14:00,BLAST/USDT,0.003764,0.003766,0.003760,0.003766,0.003814
2025-03-27 08:14:00,EIGEN/USDT,1.182000,1.183800,1.185767,1.186220,1.193120
2025-03-27 08:14:00,MNT/USDT,0.847600,0.847480,0.847573,0.847628,0.846145
2025-03-27 08:15:00,ETH/USDT,2021.430000,2020.625000,2024.475000,2024.774400,2025.782100
2025-03-27 08:15:00,ENA/USDT,0.428700,0.429100,0.431630,0.432572,0.432513
2025-03-27 08:15:00,BLAST/USDT,0.003779,0.003768,0.003761,0.003766,0.003814
2025-03-27 08:15:00,EIGEN/USDT,1.184000,1.183500,1.185800,1.186160,1.193025
2025-03-27 08:15:00,MNT/USDT,0.847900,0.847530,0.847600,0.847646,0.846156
2025-03-27 08:16:00,ETH/USDT,2022.390000,2020.473000,2024.380333,2024.732000,2025.737500
2025-03-27 08:16:00,ENA/USDT,0.428600,0.428790,0.431430,0.432440,0.432505
2025-03-27 08:16:00,BLAST/USDT,0.003783,0.003769,0.003762,0.003766,0.003814
2025-03-27 08:16:00,EIGEN/USDT,1.184000,1.183100,1.185767,1.186080,1.192915
2025-03-27 08:16:00,MNT/USDT,0.848000,0.847580,0.847623,0.847664,0.846168
2025-03-27 08:17:00,ETH/USDT,2023.760000,2020.630000,2024.348667,2024.740200,2025.705200
2025-03-27 08:17:00,ENA/USDT,0.429200,0.428720,0.431290,0.432354,0.432510
2025-03-27 08:17:00,BLAST/USDT,0.003790,0.003771,0.003764,0.003766,0.003814
2025-03-27 08:17:00,EIGEN/USDT,1.185000,1.183000,1.185800,1.186060,1.192820
2025-03-27 08:17:00,MNT/USDT,0.848100,0.847670,0.847650,0.847688,0.846182
2025-03-27 08:18:00,ETH/USDT,2023.190000,2020.523000,2024.171667,2024.664800,2025.655800
2025-03-27 08:18:00,ENA/USDT,0.429100,0.428550,0.431137,0.432260,0.432511
2025-03-27 08:18:00,BLAST/USDT,0.003788,0.003773,0.003765,0.003767,0.003814
2025-03-27 08:18:00,EIGEN/USDT,1.184000,1.182700,1.185700,1.185980,1.192715
2025-03-27 08:18:00,MNT/USDT,0.848100,0.847720,0.847660,0.847696,0.846192
2025-03-27 08:19:00,ETH/USDT,2023.630000,2021.081000,2024.116667,2024.634000,2025.620750
2025-03-27 08:19:00,ENA/USDT,0.429800,0.428670,0.431043,0.432180,0.432521
2025-03-27 08:19:00,BLAST/USDT,0.003788,0.003776,0.003767,0.003767,0.003814
2025-03-27 08:19:00,EIGEN/USDT,1.185000,1.183100,1.185700,1.185940,1.192620
2025-03-27 08:19:00,MNT/USDT,0.848500,0.847880,0.847697,0.847718,0.846205
timestamp,symbol,price,buy_short_ma,buy_long_ma,sell_short_ma,sell_long_ma
2025-03-29 04:03:00,ETH/USDT,1899.470000,1900.489000,1901.923333,1900.039600,1904.096400
2025-03-29 04:03:00,ENA/USDT,0.391900,0.393080,0.392100,0.389828,0.388393
2025-03-29 04:03:00,BLAST/USDT,0.003425,0.003409,0.003400,0.003390,0.003419
2025-03-29 04:03:00,EIGEN/USDT,1.007000,1.009300,1.009033,1.005820,1.020590
2025-03-29 04:03:00,MNT/USDT,0.832300,0.833250,0.833163,0.832254,0.833249
timestamp,symbol,price,buy_short_ma,buy_long_ma,sell_short_ma,sell_long_ma
timestamp,symbol,price,buy_short_ma,buy_long_ma,sell_short_ma,sell_long_ma
2025-03-29 04:21:00,ETH/USDT,1895.380000,1897.886000,1900.123667,1901.171800,1903.585800
2025-03-29 04:21:00,ENA/USDT,0.390400,0.390710,0.391960,0.391636,0.388753
2025-03-29 04:21:00,BLAST/USDT,0.003419,0.003431,0.003423,0.003411,0.003417
2025-03-29 04:21:00,EIGEN/USDT,0.996000,0.999100,1.004533,1.006080,1.017560
2025-03-29 04:21:00,MNT/USDT,0.829900,0.831160,0.832420,0.832608,0.832983
2025-03-29 04:22:00,ETH/USDT,1893.850000,1897.240000,1899.897667,1901.001400,1903.528500
2025-03-29 04:22:00,ENA/USDT,0.389800,0.390650,0.391847,0.391658,0.388763
2025-03-29 04:22:00,BLAST/USDT,0.003410,0.003429,0.003423,0.003412,0.003417
2025-03-29 04:22:00,EIGEN/USDT,0.993000,0.998200,1.003900,1.005800,1.017360
2025-03-29 04:22:00,MNT/USDT,0.829700,0.830910,0.832283,0.832576,0.832956
2025-03-29 04:23:00,ETH/USDT,1894.840000,1896.708000,1899.655333,1900.849400,1903.463450
2025-03-29 04:23:00,ENA/USDT,0.390100,0.390590,0.391723,0.391678,0.388770
2025-03-29 04:23:00,BLAST/USDT,0.003411,0.003427,0.003423,0.003412,0.003416
2025-03-29 04:23:00,EIGEN/USDT,0.995000,0.997600,1.003367,1.005580,1.017175
2025-03-29 04:23:00,MNT/USDT,0.829700,0.830680,0.832147,0.832536,0.832926
2025-03-29 04:25:00,ETH/USDT,1895.770000,1895.970000,1899.252333,1900.577200,1903.359550
2025-03-29 04:25:00,ENA/USDT,0.390200,0.390440,0.391520,0.391720,0.388790
2025-03-29 04:25:00,BLAST/USDT,0.003412,0.003422,0.003424,0.003414,0.003416
2025-03-29 04:25:00,EIGEN/USDT,0.997000,0.996900,1.002433,1.005140,1.016810
2025-03-29 04:25:00,MNT/USDT,0.829700,0.830270,0.831860,0.832442,0.832866
2025-03-29 04:26:00,ETH/USDT,1895.530000,1895.835000,1899.053333,1900.461600,1903.302200
2025-03-29 04:26:00,ENA/USDT,0.389400,0.390200,0.391377,0.391714,0.388792
2025-03-29 04:26:00,BLAST/USDT,0.003408,0.003418,0.003424,0.003414,0.003416
2025-03-29 04:26:00,EIGEN/USDT,0.997000,0.996600,1.001967,1.004900,1.016615
2025-03-29 04:26:00,MNT/USDT,0.829800,0.830160,0.831727,0.832400,0.832836
2025-03-29 04:27:00,ETH/USDT,1896.120000,1895.719000,1898.934333,1900.388600,1903.257050
2025-03-29 04:27:00,ENA/USDT,0.389300,0.389970,0.391233,0.391726,0.388797
2025-03-29 04:27:00,BLAST/USDT,0.003408,0.003416,0.003424,0.003414,0.003416
2025-03-29 04:27:00,EIGEN/USDT,0.997000,0.996400,1.001533,1.004720,1.016420
2025-03-29 04:27:00,MNT/USDT,0.830000,0.830080,0.831627,0.832364,0.832809
2025-03-29 04:28:00,ETH/USDT,1896.220000,1895.609000,1898.808667,1900.285000,1903.204900
2025-03-29 04:28:00,ENA/USDT,0.390000,0.389970,0.391123,0.391746,0.388808
2025-03-29 04:28:00,BLAST/USDT,0.003404,0.003413,0.003424,0.003415,0.003415
2025-03-29 04:28:00,EIGEN/USDT,0.999000,0.996600,1.001233,1.004620,1.016255
2025-03-29 04:28:00,MNT/USDT,0.829900,0.829950,0.831517,0.832314,0.832777
2025-03-29 04:29:00,ETH/USDT,1896.790000,1895.689000,1898.715333,1900.166000,1903.150200
2025-03-29 04:29:00,ENA/USDT,0.390000,0.389940,0.391013,0.391734,0.388819
2025-03-29 04:29:00,BLAST/USDT,0.003405,0.003410,0.003424,0.003415,0.003415
2025-03-29 04:29:00,EIGEN/USDT,0.998000,0.996500,1.000833,1.004420,1.016060
2025-03-29 04:29:00,MNT/USDT,0.830200,0.829920,0.831420,0.832268,0.832748
2025-03-29 04:30:00,ETH/USDT,1896.340000,1895.685000,1898.549667,1900.026000,1903.092150
2025-03-29 04:30:00,ENA/USDT,0.390200,0.389910,0.390867,0.391718,0.388829
2025-03-29 04:30:00,BLAST/USDT,0.003413,0.003410,0.003424,0.003416,0.003415
2025-03-29 04:30:00,EIGEN/USDT,0.997000,0.996500,1.000400,1.004200,1.015860
2025-03-29 04:30:00,MNT/USDT,0.830300,0.829930,0.831323,0.832214,0.832719
2025-03-29 04:31:00,ETH/USDT,1894.490000,1895.454000,1898.316000,1899.814200,1903.018000
2025-03-29 04:31:00,ENA/USDT,0.389400,0.389740,0.390733,0.391670,0.388831
2025-03-29 04:31:00,BLAST/USDT,0.003403,0.003407,0.003423,0.003416,0.003415
2025-03-29 04:31:00,EIGEN/USDT,0.996000,0.996400,0.999933,1.003920,1.015660
2025-03-29 04:31:00,MNT/USDT,0.830200,0.829910,0.831207,0.832150,0.832686
2025-03-29 04:32:00,ETH/USDT,1893.560000,1895.394000,1898.111333,1899.584000,1902.940700
2025-03-29 04:32:00,ENA/USDT,0.389000,0.389640,0.390637,0.391604,0.388834
2025-03-29 04:32:00,BLAST/USDT,0.003402,0.003406,0.003423,0.003416,0.003415
2025-03-29 04:32:00,EIGEN/USDT,0.995000,0.996500,0.999500,1.003640,1.015460
2025-03-29 04:32:00,MNT/USDT,0.829600,0.829880,0.831110,0.832078,0.832649
2025-03-29 04:33:00,ETH/USDT,1893.950000,1895.333000,1897.894667,1899.387000,1902.866250
2025-03-29 04:33:00,ENA/USDT,0.388700,0.389480,0.390523,0.391542,0.388835
2025-03-29 04:33:00,BLAST/USDT,0.003405,0.003406,0.003422,0.003416,0.003414
2025-03-29 04:33:00,EIGEN/USDT,0.995000,0.996500,0.999133,1.003380,1.015260
2025-03-29 04:33:00,MNT/USDT,0.829600,0.829880,0.831013,0.832004,0.832613
2025-03-29 04:34:00,ETH/USDT,1893.940000,1895.103000,1897.602667,1899.177400,1902.794350
2025-03-29 04:34:00,ENA/USDT,0.388500,0.389290,0.390393,0.391472,0.388834
2025-03-29 04:34:00,BLAST/USDT,0.003405,0.003405,0.003421,0.003416,0.003414
2025-03-29 04:34:00,EIGEN/USDT,0.994000,0.996200,0.998733,1.003100,1.015060
2025-03-29 04:34:00,MNT/USDT,0.829600,0.829860,0.830903,0.831920,0.832577
2025-03-29 04:35:00,ETH/USDT,1897.070000,1895.251000,1897.374000,1899.071600,1902.746450
2025-03-29 04:35:00,ENA/USDT,0.389600,0.389310,0.390307,0.391424,0.388842
2025-03-29 04:35:00,BLAST/USDT,0.003423,0.003406,0.003421,0.003417,0.003414
2025-03-29 04:36:00,EIGEN/USDT,0.997000,0.996200,0.998100,1.002620,1.014710
2025-03-29 04:36:00,MNT/USDT,0.830500,0.829970,0.830753,0.831810,0.832522
2025-03-29 04:37:00,ETH/USDT,1897.130000,1895.452000,1896.978667,1898.836800,1902.669650
2025-03-29 04:37:00,ENA/USDT,0.389600,0.389320,0.390107,0.391284,0.388863
2025-03-29 04:37:00,BLAST/USDT,0.003423,0.003410,0.003419,0.003417,0.003414
2025-03-29 04:37:00,EIGEN/USDT,0.997000,0.996000,0.997833,1.002340,1.014545
2025-03-29 04:37:00,MNT/USDT,0.830400,0.830020,0.830677,0.831748,0.832494
2025-03-29 04:38:00,ETH/USDT,1896.840000,1895.469000,1896.810667,1898.657400,1902.634300
2025-03-29 04:38:00,ENA/USDT,0.389200,0.389220,0.390020,0.391176,0.388873
2025-03-29 04:38:00,BLAST/USDT,0.003432,0.003413,0.003420,0.003418,0.003414
2025-03-29 04:38:00,EIGEN/USDT,0.995000,0.995600,0.997533,1.001980,1.014370
2025-03-29 04:38:00,MNT/USDT,0.830300,0.830040,0.830603,0.831670,0.832465
2025-03-29 04:39:00,ETH/USDT,1895.370000,1895.257000,1896.586667,1898.474600,1902.582100
2025-03-29 04:39:00,ENA/USDT,0.388500,0.389010,0.389903,0.391068,0.388875
2025-03-29 04:39:00,BLAST/USDT,0.003422,0.003414,0.003419,0.003418,0.003414
2025-03-29 04:39:00,EIGEN/USDT,0.994000,0.995200,0.997233,1.001620,1.014190
2025-03-29 04:39:00,MNT/USDT,0.830300,0.830030,0.830530,0.831590,0.832435
2025-03-29 04:40:00,ETH/USDT,1896.370000,1895.504000,1896.505333,1898.386800,1902.544100
2025-03-29 04:40:00,ENA/USDT,0.389100,0.388990,0.389863,0.390984,0.388888
2025-03-29 04:40:00,BLAST/USDT,0.003422,0.003416,0.003419,0.003418,0.003414
2025-03-29 04:40:00,EIGEN/USDT,0.994000,0.995100,0.997000,1.001280,1.014010
2025-03-29 04:40:00,MNT/USDT,0.830600,0.830120,0.830473,0.831530,0.832407
2025-03-29 04:41:00,ETH/USDT,1897.000000,1895.866000,1896.369667,1898.318800,1902.511300
2025-03-29 04:41:00,ENA/USDT,0.389000,0.388980,0.389797,0.390912,0.388903
2025-03-29 04:41:00,BLAST/USDT,0.003431,0.003420,0.003419,0.003419,0.003414
2025-03-29 04:41:00,EIGEN/USDT,0.994000,0.995000,0.996767,1.000960,1.013830
2025-03-29 04:41:00,MNT/USDT,0.830700,0.830180,0.830410,0.831466,0.832379
2025-03-29 04:42:00,ETH/USDT,1894.750000,1895.851000,1896.151000,1898.181200,1902.456500
2025-03-29 04:42:00,ENA/USDT,0.388400,0.388860,0.389710,0.390804,0.388910
2025-03-29 04:42:00,BLAST/USDT,0.003429,0.003422,0.003419,0.003419,0.003414
2025-03-29 04:42:00,EIGEN/USDT,0.993000,0.994900,0.996533,1.000620,1.013650
2025-03-29 04:42:00,MNT/USDT,0.830100,0.830210,0.830337,0.831390,0.832348
2025-03-29 04:43:00,ETH/USDT,1894.250000,1895.846000,1895.946333,1898.019400,1902.407100
2025-03-29 04:43:00,ENA/USDT,0.387900,0.388770,0.389613,0.390684,0.388919
2025-03-29 04:43:00,BLAST/USDT,0.003427,0.003424,0.003419,0.003420,0.003413
2025-03-29 04:43:00,EIGEN/USDT,0.992000,0.994600,0.996233,1.000240,1.013465
2025-03-29 04:43:00,MNT/USDT,0.830100,0.830280,0.830273,0.831316,0.832318
2025-03-29 04:44:00,ETH/USDT,1893.840000,1895.798000,1895.751333,1897.847400,1902.357450
2025-03-29 04:44:00,ENA/USDT,0.387900,0.388700,0.389520,0.390574,0.388929
2025-03-29 04:44:00,BLAST/USDT,0.003427,0.003427,0.003419,0.003420,0.003413
2025-03-29 04:44:00,EIGEN/USDT,0.993000,0.994600,0.996000,0.999900,1.013285
2025-03-29 04:44:00,MNT/USDT,0.830000,0.830310,0.830207,0.831236,0.832288
2025-03-29 04:45:00,ETH/USDT,1894.040000,1895.480000,1895.576333,1897.703200,1902.305800
2025-03-29 04:45:00,ENA/USDT,0.387700,0.388520,0.389403,0.390466,0.388935
2025-03-29 04:45:00,BLAST/USDT,0.003426,0.003427,0.003418,0.003421,0.003413
2025-03-29 04:45:00,EIGEN/USDT,0.992000,0.994100,0.995733,0.999520,1.013090
2025-03-29 04:45:00,MNT/USDT,0.830100,0.830280,0.830163,0.831160,0.832256
2025-03-29 04:46:00,ETH/USDT,1894.690000,1895.279000,1895.511333,1897.571800,1902.271050
2025-03-29 04:46:00,ENA/USDT,0.388100,0.388430,0.389313,0.390374,0.388948
2025-03-29 04:46:00,BLAST/USDT,0.003431,0.003428,0.003418,0.003421,0.003413
2025-03-29 04:46:00,EIGEN/USDT,0.994000,0.993900,0.995567,0.999200,1.012915
2025-03-29 04:46:00,MNT/USDT,0.830500,0.830310,0.830153,0.831096,0.832233
2025-03-29 04:47:00,ETH/USDT,1894.080000,1894.993000,1895.390000,1897.450800,1902.229800
2025-03-29 04:47:00,ENA/USDT,0.387800,0.388260,0.389193,0.390262,0.388957
2025-03-29 04:47:00,BLAST/USDT,0.003423,0.003427,0.003418,0.003422,0.003413
2025-03-29 04:47:00,EIGEN/USDT,0.992000,0.993500,0.995333,0.998840,1.012730
2025-03-29 04:47:00,MNT/USDT,0.830200,0.830300,0.830130,0.831038,0.832206
2025-03-29 04:49:00,ETH/USDT,1892.360000,1894.244000,1895.079667,1897.139200,1902.118700
2025-03-29 04:49:00,ENA/USDT,0.386800,0.387910,0.388953,0.389992,0.388964
2025-03-29 04:49:00,BLAST/USDT,0.003421,0.003427,0.003417,0.003423,0.003413
2025-03-29 04:49:00,EIGEN/USDT,0.990000,0.992700,0.994767,0.998060,1.012335
2025-03-29 04:49:00,MNT/USDT,0.829700,0.830190,0.830050,0.830898,0.832146
2025-03-29 04:50:00,ETH/USDT,1892.110000,1893.807000,1894.956000,1896.966400,1902.035350
2025-03-29 04:50:00,ENA/USDT,0.386800,0.387700,0.388840,0.389842,0.388965
2025-03-29 04:50:00,BLAST/USDT,0.003419,0.003425,0.003417,0.003423,0.003413
2025-03-29 04:50:00,EIGEN/USDT,0.990000,0.992300,0.994567,0.997680,1.012125
2025-03-29 04:50:00,MNT/USDT,0.829800,0.830130,0.830040,0.830832,0.832114
2025-03-29 04:51:00,ETH/USDT,1891.410000,1893.303000,1894.808667,1896.784000,1901.944450
2025-03-29 04:51:00,ENA/USDT,0.386400,0.387440,0.388687,0.389704,0.388960
2025-03-29 04:51:00,BLAST/USDT,0.003413,0.003423,0.003417,0.003422,0.003412
2025-03-29 04:51:00,EIGEN/USDT,0.989000,0.991700,0.994367,0.997300,1.011905
2025-03-29 04:51:00,MNT/USDT,0.828600,0.829820,0.829960,0.830718,0.832072
2025-03-29 04:52:00,ETH/USDT,1893.130000,1893.299000,1894.829667,1896.685800,1901.867550
2025-03-29 04:52:00,ENA/USDT,0.387300,0.387400,0.388623,0.389628,0.388960
2025-03-29 04:52:00,BLAST/USDT,0.003413,0.003421,0.003417,0.003422,0.003412
2025-03-29 04:52:00,EIGEN/USDT,0.990000,0.991300,0.994233,0.996940,1.011690
2025-03-29 04:52:00,MNT/USDT,0.828300,0.829590,0.829897,0.830628,0.832030
2025-03-29 04:53:00,ETH/USDT,1893.540000,1893.307000,1894.812333,1896.557600,1901.802700
2025-03-29 04:53:00,ENA/USDT,0.387000,0.387300,0.388513,0.389526,0.388960
2025-03-29 04:53:00,BLAST/USDT,0.003416,0.003421,0.003417,0.003422,0.003412
2025-03-29 04:53:00,EIGEN/USDT,0.991000,0.991100,0.994100,0.996640,1.011485
2025-03-29 04:53:00,MNT/USDT,0.828300,0.829410,0.829850,0.830542,0.831992
2025-03-29 04:54:00,ETH/USDT,1892.620000,1893.249000,1894.727000,1896.377200,1901.730600
2025-03-29 04:54:00,ENA/USDT,0.387100,0.387240,0.388420,0.389430,0.388963
2025-03-29 04:54:00,BLAST/USDT,0.003416,0.003420,0.003417,0.003422,0.003412
2025-03-29 04:54:00,EIGEN/USDT,0.989000,0.990700,0.993833,0.996300,1.011275
2025-03-29 04:54:00,MNT/USDT,0.828300,0.829280,0.829820,0.830462,0.831957
2025-03-29 04:55:00,ETH/USDT,1894.160000,1893.201000,1894.661333,1896.171000,1901.649900
2025-03-29 04:55:00,ENA/USDT,0.387900,0.387220,0.388363,0.389340,0.388964
2025-03-29 04:55:00,BLAST/USDT,0.003416,0.003418,0.003417,0.003421,0.003412
2025-03-29 04:55:00,EIGEN/USDT,0.990000,0.990400,0.993600,0.995980,1.011070
2025-03-29 04:55:00,MNT/USDT,0.828400,0.829060,0.829763,0.830370,0.831916
2025-03-29 04:56:00,ETH/USDT,1893.720000,1893.092000,1894.582333,1895.975200,1901.562400
2025-03-29 04:56:00,ENA/USDT,0.387700,0.387170,0.388310,0.389236,0.388964
2025-03-29 04:56:00,BLAST/USDT,0.003418,0.003417,0.003417,0.003421,0.003412
2025-03-29 04:56:00,EIGEN/USDT,0.990000,0.990000,0.993367,0.995640,1.010865
2025-03-29 04:56:00,MNT/USDT,0.828500,0.828860,0.829717,0.830288,0.831876
2025-03-29 04:57:00,ETH/USDT,1893.270000,1893.027000,1894.485333,1895.788000,1901.474000
2025-03-29 04:57:00,ENA/USDT,0.387700,0.387170,0.388247,0.389148,0.388963
2025-03-29 04:57:00,BLAST/USDT,0.003417,0.003416,0.003418,0.003420,0.003411
2025-03-29 04:57:00,EIGEN/USDT,0.991000,0.989900,0.993100,0.995360,1.010665
2025-03-29 04:57:00,MNT/USDT,0.828200,0.828650,0.829657,0.830196,0.831836
2025-03-29 04:58:00,ETH/USDT,1895.590000,1893.444000,1894.479000,1895.680000,1901.406400
2025-03-29 04:58:00,ENA/USDT,0.387400,0.387230,0.388157,0.389062,0.388961
2025-03-29 04:58:00,BLAST/USDT,0.003419,0.003416,0.003418,0.003420,0.003411
2025-03-29 04:58:00,EIGEN/USDT,0.990000,0.989900,0.992833,0.995100,1.010460
2025-03-29 04:58:00,MNT/USDT,0.828300,0.828510,0.829597,0.830112,0.831797
2025-03-29 04:59:00,ETH/USDT,1894.950000,1893.693000,1894.433000,1895.560400,1901.322250
2025-03-29 04:59:00,ENA/USDT,0.387100,0.387250,0.388067,0.388980,0.388957
2025-03-29 04:59:00,BLAST/USDT,0.003421,0.003416,0.003419,0.003420,0.003411
2025-03-29 05:00:00,EIGEN/USDT,0.990000,0.989900,0.992433,0.994640,1.010050
2025-03-29 05:00:00,MNT/USDT,0.828200,0.828310,0.829480,0.829948,0.831719
2025-03-29 05:01:00,ETH/USDT,1895.580000,1894.427000,1894.521667,1895.361600,1901.175750
2025-03-29 05:01:00,ENA/USDT,0.388000,0.387540,0.387980,0.388870,0.388962
2025-03-29 05:01:00,BLAST/USDT,0.003421,0.003418,0.003420,0.003420,0.003411
2025-03-29 05:01:00,EIGEN/USDT,0.990000,0.990100,0.992267,0.994420,1.009845
2025-03-29 05:01:00,MNT/USDT,0.828300,0.828340,0.829427,0.829866,0.831680
2025-03-29 05:02:00,ETH/USDT,1893.650000,1894.237000,1894.460667,1895.196800,1901.086200
2025-03-29 05:02:00,ENA/USDT,0.386900,0.387400,0.387877,0.388780,0.388952
2025-03-29 05:02:00,BLAST/USDT,0.003412,0.003417,0.003420,0.003419,0.003411
2025-03-29 05:02:00,EIGEN/USDT,0.989000,0.990000,0.992067,0.994180,1.009630
2025-03-29 05:02:00,MNT/USDT,0.827700,0.828240,0.829347,0.829768,0.831638
2025-03-29 05:03:00,ETH/USDT,1892.420000,1893.935000,1894.381667,1895.027600,1900.999600
2025-03-29 05:03:00,ENA/USDT,0.386200,0.387250,0.387787,0.388686,0.388942
2025-03-29 05:03:00,BLAST/USDT,0.003411,0.003417,0.003420,0.003419,0.003411
2025-03-29 05:03:00,EIGEN/USDT,0.987000,0.989500,0.991767,0.993880,1.009405
2025-03-29 05:03:00,MNT/USDT,0.827700,0.828130,0.829287,0.829680,0.831597
2025-03-29 05:04:00,ETH/USDT,1891.390000,1893.803000,1894.275667,1894.856600,1900.911550
2025-03-29 05:04:00,ENA/USDT,0.385600,0.387080,0.387677,0.388578,0.388928
2025-03-29 05:04:00,BLAST/USDT,0.003411,0.003416,0.003421,0.003418,0.003410
2025-03-29 05:04:00,EIGEN/USDT,0.986000,0.989200,0.991500,0.993580,1.009180
2025-03-29 05:04:00,MNT/USDT,0.827500,0.828080,0.829217,0.829592,0.831557
2025-03-29 05:05:00,ETH/USDT,1891.750000,1893.538000,1894.091333,1894.704600,1900.823750
2025-03-29 05:05:00,ENA/USDT,0.386000,0.386890,0.387553,0.388470,0.388916
2025-03-29 05:05:00,BLAST/USDT,0.003406,0.003415,0.003420,0.003417,0.003410
2025-03-29 05:05:00,EIGEN/USDT,0.988000,0.989000,0.991200,0.993340,1.008965
2025-03-29 05:05:00,MNT/USDT,0.827100,0.827930,0.829103,0.829504,0.831513
timestamp,symbol,price,buy_short_ma,buy_long_ma,sell_short_ma,sell_long_ma
timestamp,symbol,price,buy_short_ma,buy_long_ma,sell_short_ma,sell_long_ma
timestamp,symbol,price,buy_short_ma,buy_long_ma,sell_short_ma,sell_long_ma
2025-03-29 05:14:00,ETH/USDT,1894.340000,1893.064000,1893.362333,1894.203800,1900.141100
2025-03-29 05:14:00,ENA/USDT,0.386800,0.385930,0.386747,0.387652,0.388757
2025-03-29 05:14:00,BLAST/USDT,0.003405,0.003404,0.003413,0.003414,0.003408
2025-03-29 05:14:00,EIGEN/USDT,0.990000,0.987400,0.989100,0.991620,1.007000
2025-03-29 05:14:00,MNT/USDT,0.827300,0.827340,0.828223,0.828970,0.831179
2025-03-29 05:15:00,ETH/USDT,1894.070000,1893.219000,1893.324667,1894.151400,1900.064350
2025-03-29 05:15:00,ENA/USDT,0.387400,0.386110,0.386727,0.387610,0.388749
2025-03-29 05:15:00,BLAST/USDT,0.003405,0.003404,0.003412,0.003414,0.003408
2025-03-29 05:15:00,EIGEN/USDT,0.990000,0.987800,0.989000,0.991480,1.006805
2025-03-29 05:15:00,MNT/USDT,0.827200,0.827320,0.828117,0.828916,0.831144
2025-03-29 05:16:00,ETH/USDT,1892.360000,1893.196000,1893.201333,1894.051800,1899.976050
2025-03-29 05:16:00,ENA/USDT,0.386600,0.386140,0.386670,0.387554,0.388736
2025-03-29 05:16:00,BLAST/USDT,0.003395,0.003403,0.003411,0.003414,0.003408
2025-03-29 05:16:00,EIGEN/USDT,0.987000,0.987900,0.988733,0.991260,1.006590
2025-03-29 05:16:00,MNT/USDT,0.826600,0.827210,0.827973,0.828842,0.831103
2025-03-29 05:17:00,ETH/USDT,1889.320000,1892.672000,1893.031333,1893.904600,1899.864400
2025-03-29 05:17:00,ENA/USDT,0.386200,0.386110,0.386610,0.387480,0.388718
2025-03-29 05:17:00,BLAST/USDT,0.003393,0.003401,0.003410,0.003414,0.003408
2025-03-29 05:17:00,EIGEN/USDT,0.985000,0.987600,0.988467,0.990960,1.006365
2025-03-29 05:17:00,MNT/USDT,0.826100,0.827030,0.827827,0.828760,0.831056
2025-03-29 05:18:00,ETH/USDT,1890.060000,1892.528000,1892.971000,1893.781200,1899.765100
2025-03-29 05:18:00,ENA/USDT,0.386000,0.386180,0.386587,0.387400,0.388701
2025-03-29 05:18:00,BLAST/USDT,0.003393,0.003400,0.003409,0.003413,0.003408
2025-03-29 05:18:00,EIGEN/USDT,0.986000,0.987600,0.988333,0.990720,1.006150
2025-03-29 05:18:00,MNT/USDT,0.826300,0.826950,0.827717,0.828686,0.831016
2025-03-29 05:19:00,ETH/USDT,1890.070000,1892.262000,1892.880667,1893.649600,1899.663600
2025-03-29 05:19:00,ENA/USDT,0.386400,0.386310,0.386570,0.387332,0.388685
2025-03-29 05:19:00,BLAST/USDT,0.003393,0.003399,0.003408,0.003413,0.003408
2025-03-29 05:19:00,EIGEN/USDT,0.987000,0.987700,0.988233,0.990520,1.005925
2025-03-29 05:19:00,MNT/USDT,0.826800,0.826900,0.827617,0.828618,0.830977
timestamp,symbol,price,buy_short_ma,buy_long_ma,sell_short_ma,sell_long_ma
2025-03-29 05:20:00,ETH/USDT,1888.110000,1891.758000,1892.780000,1893.524000,1899.550800
2025-03-29 05:20:00,ENA/USDT,0.385500,0.386300,0.386540,0.387248,0.388663
2025-03-29 05:20:00,BLAST/USDT,0.003392,0.003398,0.003408,0.003413,0.003408
2025-03-29 05:20:00,EIGEN/USDT,0.984000,0.987300,0.988033,0.990300,1.005685
2025-03-29 05:20:00,MNT/USDT,0.826400,0.826800,0.827540,0.828550,0.830935
2025-03-29 05:21:00,ETH/USDT,1887.250000,1891.167000,1892.623000,1893.401400,1899.435000
2025-03-29 05:21:00,ENA/USDT,0.385200,0.386290,0.386490,0.387174,0.388638
2025-03-29 05:21:00,BLAST/USDT,0.003387,0.003397,0.003407,0.003413,0.003407
2025-03-29 05:21:00,EIGEN/USDT,0.983000,0.986800,0.987867,0.990060,1.005440
2025-03-29 05:21:00,MNT/USDT,0.826200,0.826670,0.827473,0.828472,0.830890
2025-03-29 05:22:00,ETH/USDT,1887.210000,1890.523000,1892.401000,1893.269600,1899.325950
2025-03-29 05:22:00,ENA/USDT,0.385500,0.386200,0.386430,0.387104,0.388610
2025-03-29 05:22:00,BLAST/USDT,0.003390,0.003396,0.003406,0.003412,0.003407
2025-03-29 05:22:00,EIGEN/USDT,0.983000,0.986200,0.987633,0.989820,1.005195
2025-03-29 05:22:00,MNT/USDT,0.827000,0.826660,0.827433,0.828420,0.830853
2025-03-29 05:24:00,ETH/USDT,1888.130000,1889.382000,1892.054667,1893.037600,1899.107800
2025-03-29 05:24:00,ENA/USDT,0.386000,0.386040,0.386350,0.387000,0.388563
2025-03-29 05:24:00,BLAST/USDT,0.003391,0.003393,0.003404,0.003412,0.003407
2025-03-29 05:24:00,EIGEN/USDT,0.984000,0.985100,0.987233,0.989400,1.004740
2025-03-29 05:24:00,MNT/USDT,0.827000,0.826620,0.827343,0.828320,0.830778
2025-03-29 05:25:00,ETH/USDT,1887.310000,1888.777000,1891.808333,1892.832200,1898.990100
2025-03-29 05:25:00,ENA/USDT,0.384900,0.385730,0.386227,0.386890,0.388528
2025-03-29 05:25:00,BLAST/USDT,0.003391,0.003391,0.003403,0.003411,0.003407
2025-03-29 05:25:00,EIGEN/USDT,0.984000,0.984700,0.987067,0.989160,1.004520
2025-03-29 05:25:00,MNT/USDT,0.826800,0.826600,0.827283,0.828246,0.830739
2025-03-29 05:26:00,ETH/USDT,1886.790000,1888.220000,1891.560667,1892.614400,1898.872850
2025-03-29 05:26:00,ENA/USDT,0.384800,0.385530,0.386113,0.386790,0.388495
2025-03-29 05:26:00,BLAST/USDT,0.003386,0.003390,0.003402,0.003410,0.003407
2025-03-29 05:26:00,EIGEN/USDT,0.980000,0.983600,0.986567,0.988720,1.004250
2025-03-29 05:26:00,MNT/USDT,0.826700,0.826620,0.827220,0.828166,0.830701
2025-03-29 05:27:00,ETH/USDT,1886.710000,1887.916000,1891.312667,1892.406200,1898.749050
2025-03-29 05:27:00,ENA/USDT,0.384500,0.385330,0.386000,0.386686,0.388457
2025-03-29 05:27:00,BLAST/USDT,0.003386,0.003389,0.003401,0.003409,0.003406
2025-03-29 05:27:00,EIGEN/USDT,0.978000,0.982900,0.986133,0.988360,1.003995
2025-03-29 05:27:00,MNT/USDT,0.826700,0.826680,0.827173,0.828094,0.830664
2025-03-29 05:28:00,ETH/USDT,1887.090000,1887.657000,1891.031333,1892.235600,1898.626500
2025-03-29 05:28:00,ENA/USDT,0.384500,0.385180,0.385903,0.386608,0.388425
2025-03-29 05:28:00,BLAST/USDT,0.003390,0.003389,0.003400,0.003409,0.003406
2025-03-29 05:28:00,EIGEN/USDT,0.979000,0.982300,0.985800,0.988080,1.003735
2025-03-29 05:28:00,MNT/USDT,0.826800,0.826740,0.827127,0.828030,0.830627
2025-03-29 05:29:00,ETH/USDT,1887.830000,1887.415000,1890.808667,1892.071400,1898.504700
2025-03-29 05:29:00,ENA/USDT,0.384300,0.384980,0.385810,0.386518,0.388391
2025-03-29 05:29:00,BLAST/USDT,0.003391,0.003389,0.003399,0.003408,0.003406
2025-03-29 05:29:00,EIGEN/USDT,0.979000,0.981500,0.985433,0.987780,1.003475
2025-03-29 05:29:00,MNT/USDT,0.826900,0.826780,0.827090,0.827966,0.830591
2025-03-29 05:30:00,ETH/USDT,1887.840000,1887.301000,1890.525333,1891.883400,1898.380850
2025-03-29 05:30:00,ENA/USDT,0.384400,0.384830,0.385680,0.386420,0.388354
2025-03-29 05:30:00,BLAST/USDT,0.003388,0.003389,0.003398,0.003407,0.003406
2025-03-29 05:30:00,EIGEN/USDT,0.979000,0.981000,0.985067,0.987480,1.003210
2025-03-29 05:30:00,MNT/USDT,0.827000,0.826840,0.827043,0.827894,0.830556
2025-03-29 05:31:00,ETH/USDT,1888.480000,1887.421000,1890.343667,1891.734400,1898.265250
2025-03-29 05:31:00,ENA/USDT,0.384600,0.384760,0.385597,0.386342,0.388322
2025-03-29 05:31:00,BLAST/USDT,0.003386,0.003388,0.003397,0.003406,0.003406
2025-03-29 05:31:00,EIGEN/USDT,0.980000,0.980800,0.984767,0.987200,1.002955
2025-03-29 05:31:00,MNT/USDT,0.827100,0.826910,0.827013,0.827822,0.830521
2025-03-29 05:32:00,ETH/USDT,1886.510000,1887.313000,1890.137333,1891.578800,1898.140650
2025-03-29 05:32:00,ENA/USDT,0.384400,0.384640,0.385523,0.386266,0.388293
2025-03-29 05:32:00,BLAST/USDT,0.003386,0.003388,0.003396,0.003405,0.003406
2025-03-29 05:32:00,EIGEN/USDT,0.979000,0.980400,0.984467,0.986920,1.002700
2025-03-29 05:32:00,MNT/USDT,0.826600,0.826860,0.826980,0.827752,0.830485
2025-03-29 05:33:00,ETH/USDT,1885.580000,1887.112000,1889.933000,1891.414600,1898.011700
2025-03-29 05:33:00,ENA/USDT,0.383900,0.384450,0.385460,0.386188,0.388263
2025-03-29 05:33:00,BLAST/USDT,0.003385,0.003387,0.003395,0.003405,0.003405
2025-03-29 05:33:00,EIGEN/USDT,0.978000,0.979800,0.984167,0.986620,1.002440
2025-03-29 05:33:00,MNT/USDT,0.826700,0.826860,0.826953,0.827690,0.830450
2025-03-29 05:34:00,ETH/USDT,1884.540000,1886.698000,1889.676333,1891.210400,1897.871350
2025-03-29 05:34:00,ENA/USDT,0.384200,0.384340,0.385413,0.386110,0.388233
2025-03-29 05:34:00,BLAST/USDT,0.003385,0.003386,0.003395,0.003404,0.003405
2025-03-29 05:34:00,EIGEN/USDT,0.977000,0.978900,0.983833,0.986280,1.002175
2025-03-29 05:34:00,MNT/USDT,0.826700,0.826820,0.826923,0.827620,0.830414
